bridge_id,age_years,material_standardized,condition_score,traffic_volume_category,days_since_inspection,maintenance_count
BR-0001,33,steel,3,Low,334,25
BR-0002,32,wood,3,High,338,55
BR-0003,33,concrete,3,Low,484,25
BR-0004,43,concrete,3,Medium,441,35
BR-0005,33,wood,3,Medium,483,35
BR-0006,17,concrete,3,High,272,15
BR-0007,38,steel,4,Medium,495,5
BR-0008,31,concrete,4,High,385,15
BR-0009,32,steel,1,Medium,403,25
BR-0010,36,steel,2,High,329,55
BR-0011,37,steel,3,High,347,15
BR-0012,48,concrete,1,Medium,295,55
BR-0013,42,steel,1,Low,331,15
BR-0014,36,wood,3,High,327,25
BR-0015,26,steel,1,High,528,15
BR-0016,22,wood,4,High,339,15
BR-0017,37,wood,4,Medium,435,15
BR-0018,50,concrete,1,Low,385,25
BR-0019,35,steel,3,High,411,25
BR-0020,33,steel,3,Low,310,15
BR-0021,41,concrete,2,Low,289,5
BR-0022,17,steel,5,Medium,556,5
BR-0023,31,steel,4,Medium,412,35
BR-0024,40,concrete,3,High,407,25
BR-0025,45,steel,3,Medium,362,65
BR-0026,32,steel,4,Low,497,15
BR-0027,39,wood,3,High,613,25
BR-0028,37,concrete,3,Medium,373,15
BR-0029,44,steel,3,Medium,243,45
BR-0030,21,concrete,5,Low,383,5
BR-0031,41,steel,4,Medium,205,35
BR-0032,16,steel,5,Medium,316,5
BR-0033,3,concrete,4,Medium,429,5
BR-0034,27,wood,1,Medium,385,25
BR-0035,24,steel,4,Medium,250,15
BR-0036,45,concrete,1,Medium,166,35
BR-0037,42,steel,2,Low,483,25
BR-0038,20,steel,4,Low,402,15
BR-0039,45,steel,3,Medium,224,55
BR-0040,22,steel,2,Medium,246,35
BR-0041,33,concrete,1,Medium,423,15
BR-0042,31,steel,1,Low,483,15
BR-0043,36,steel,4,High,449,35
BR-0044,44,steel,1,Low,420,45
BR-0045,42,wood,3,Low,480,35
BR-0046,39,steel,1,High,417,15
BR-0047,42,steel,2,Low,487,45
BR-0048,40,steel,2,Low,503,15
BR-0049,27,concrete,4,High,182,25
BR-0050,26,steel,5,High,336,25
BR-0051,29,concrete,2,Medium,182,15
BR-0052,40,concrete,4,Low,383,55
BR-0053,31,steel,3,Medium,326,15
BR-0054,63,steel,2,Medium,524,15
BR-0055,25,steel,4,Medium,477,25
BR-0056,21,steel,4,High,361,15
BR-0057,44,steel,1,Medium,270,25
BR-0058,52,wood,3,Medium,262,15
BR-0059,41,concrete,2,High,279,15
BR-0060,45,concrete,4,High,42,5
BR-0061,52,steel,4,Medium,421,45
BR-0062,33,wood,1,Low,177,35
BR-0063,17,steel,4,High,333,5
BR-0064,28,concrete,3,Medium,383,25
BR-0065,46,concrete,3,Medium,405,45
BR-0066,17,wood,1,High,531,5
BR-0067,35,concrete,4,High,457,55
BR-0068,38,concrete,4,High,406,35
BR-0069,31,concrete,3,Medium,446,35
BR-0070,43,steel,3,High,435,65
BR-0071,41,concrete,4,Low,584,35
BR-0072,62,concrete,4,High,308,55
BR-0073,42,steel,3,Medium,486,35
BR-0074,27,concrete,3,Low,300,5
BR-0075,28,steel,3,Medium,197,25
BR-0076,25,wood,2,Medium,384,25
BR-0077,46,wood,1,Low,257,65
BR-0078,28,concrete,3,Medium,545,15
BR-0079,34,steel,2,Medium,416,15
BR-0080,43,concrete,2,Low,277,45
BR-0081,26,wood,4,Low,285,35
BR-0082,31,steel,3,Low,346,25
BR-0083,12,steel,5,Medium,450,5
BR-0084,22,concrete,2,High,292,15
BR-0085,28,concrete,5,Low,702,15
BR-0086,39,concrete,3,High,431,35
BR-0087,49,wood,4,Low,257,35
BR-0088,34,steel,1,Low,313,55
BR-0089,38,concrete,3,High,366,25
BR-0090,37,wood,2,Medium,177,15
BR-0091,48,concrete,3,High,575,5
BR-0092,45,steel,1,Low,492,35
BR-0093,38,steel,3,Low,317,25
BR-0094,22,concrete,4,Low,503,5
BR-0095,45,concrete,4,Low,443,75
BR-0096,39,steel,3,Medium,383,35
BR-0097,49,steel,4,High,422,25
BR-0098,34,steel,3,High,325,15
BR-0099,58,steel,2,High,437,55
BR-0100,30,concrete,4,Low,291,15
BR-0101,54,concrete,3,High,642,75
BR-0102,36,concrete,3,High,562,35
BR-0103,28,concrete,4,Medium,374,5
BR-0104,21,wood,5,Medium,396,45
BR-0105,33,concrete,3,High,442,15
BR-0106,52,concrete,2,Medium,433,45
BR-0107,44,concrete,3,Medium,407,25
BR-0108,43,concrete,1,High,329,15
BR-0109,6,steel,4,Medium,565,5
BR-0110,43,concrete,3,Low,393,55
BR-0111,41,concrete,1,Medium,395,25
BR-0112,28,concrete,3,High,458,45
BR-0113,27,concrete,3,Medium,319,45
BR-0114,34,steel,2,Low,280,5
BR-0115,55,wood,4,Medium,395,25
BR-0116,22,steel,5,Low,472,25
BR-0117,29,wood,5,Medium,299,15
BR-0118,51,concrete,3,Medium,331,35
BR-0119,29,wood,4,High,327,25
BR-0120,30,concrete,2,Low,355,55
BR-0121,36,wood,3,High,467,15
BR-0122,20,steel,3,Low,426,15
BR-0123,37,concrete,1,High,238,35
BR-0124,20,concrete,4,High,231,5
BR-0125,45,steel,1,Low,325,5
BR-0126,35,concrete,4,Medium,434,35
BR-0127,62,steel,3,Low,604,75
BR-0128,38,concrete,2,Medium,493,5
BR-0129,51,concrete,2,Medium,545,35
BR-0130,19,concrete,4,High,484,15
BR-0131,33,wood,3,Low,289,5
BR-0132,38,steel,5,High,191,45
BR-0133,55,steel,4,High,404,45
BR-0134,14,concrete,5,Medium,600,5
BR-0135,46,concrete,4,Medium,220,35
BR-0136,42,wood,2,High,481,25
BR-0137,53,steel,3,Low,462,55
BR-0138,43,concrete,1,High,276,35
BR-0139,35,steel,3,High,293,35
BR-0140,28,wood,3,High,382,5
BR-0141,20,concrete,4,Low,403,15
BR-0142,37,steel,4,Low,405,15
BR-0143,32,steel,3,Low,285,15
BR-0144,59,steel,1,High,519,75
BR-0145,27,steel,3,Medium,264,45
BR-0146,38,concrete,4,Medium,437,35
BR-0147,16,steel,4,Medium,481,5
BR-0148,30,wood,1,Medium,345,35
BR-0149,38,wood,2,High,188,65
BR-0150,44,concrete,3,Low,251,35
BR-0151,52,steel,4,Low,280,45
BR-0152,34,concrete,3,Low,340,15
BR-0153,21,steel,3,Low,486,5
BR-0154,40,concrete,2,High,471,55
BR-0155,41,concrete,1,Medium,499,25
BR-0156,40,concrete,3,High,633,15
BR-0157,26,concrete,3,High,182,25
BR-0158,48,wood,3,Low,238,105
BR-0159,36,steel,3,High,442,45
BR-0160,43,concrete,1,High,396,15
BR-0161,50,concrete,2,Low,294,55
BR-0162,42,wood,2,Low,253,25
BR-0163,38,wood,3,High,288,15
BR-0164,60,concrete,2,High,391,45
BR-0165,37,wood,2,Low,414,5
BR-0166,31,steel,4,Medium,190,5
BR-0167,36,steel,3,Medium,311,35
BR-0168,52,concrete,1,Low,103,55
BR-0169,36,steel,5,Medium,255,35
BR-0170,41,concrete,3,High,272,95
BR-0171,49,steel,3,Low,603,55
BR-0172,28,concrete,3,Low,463,15
BR-0173,14,concrete,5,High,440,15
BR-0174,38,steel,3,High,427,45
BR-0175,37,steel,2,High,282,45
BR-0176,27,wood,4,Low,429,45
BR-0177,45,concrete,1,Medium,195,35
BR-0178,42,steel,1,Medium,315,75
BR-0179,23,steel,3,Medium,160,25
BR-0180,41,concrete,1,Medium,545,25
BR-0181,32,concrete,2,High,543,35
BR-0182,17,concrete,3,Medium,362,5
BR-0183,40,steel,4,High,519,15
BR-0184,34,wood,3,Medium,561,55
BR-0185,26,steel,3,Medium,407,15
BR-0186,41,concrete,3,Medium,414,55
BR-0187,40,steel,1,Medium,510,15
BR-0188,28,concrete,3,Low,250,45
BR-0189,39,concrete,1,Medium,244,35
BR-0190,47,wood,1,High,400,5
BR-0191,26,concrete,2,Low,384,5
BR-0192,39,concrete,2,High,489,15
BR-0193,35,wood,3,High,376,25
BR-0194,62,concrete,3,Medium,506,55
BR-0195,12,concrete,3,Medium,142,15
BR-0196,43,steel,4,High,611,25
BR-0197,31,concrete,3,High,469,5
BR-0198,33,wood,3,High,454,45
BR-0199,57,wood,4,High,317,45
BR-0200,34,steel,3,Low,375,25
BR-0201,61,steel,2,High,244,75
BR-0202,29,steel,2,Medium,235,35
BR-0203,39,steel,2,High,211,25
BR-0204,29,wood,2,Low,326,5
BR-0205,26,wood,2,Low,347,55
BR-0206,35,steel,3,Medium,361,25
BR-0207,31,concrete,4,Low,268,25
BR-0208,37,concrete,1,High,316,25
BR-0209,9,steel,3,Low,344,15
BR-0210,59,steel,3,Low,434,65
BR-0211,32,steel,5,Medium,294,65
BR-0212,55,concrete,2,High,563,25
BR-0213,22,wood,2,High,226,15
BR-0214,38,concrete,2,Low,291,15
BR-0215,72,steel,4,High,362,15
BR-0216,24,steel,5,Low,336,25
BR-0217,17,wood,5,Medium,422,25
BR-0218,28,wood,3,Low,287,25
BR-0219,40,steel,3,Low,356,35
BR-0220,43,steel,3,Low,562,15
BR-0221,50,wood,4,Medium,352,55
BR-0222,31,concrete,3,Medium,189,25
BR-0223,15,steel,3,Medium,382,25
BR-0224,29,concrete,4,High,278,15
BR-0225,49,concrete,3,Medium,702,75
BR-0226,40,concrete,2,Low,436,65
BR-0227,11,concrete,3,High,464,5
BR-0228,34,steel,2,Low,159,25
BR-0229,51,concrete,1,Low,234,45
BR-0230,60,steel,2,High,483,45
BR-0231,41,wood,1,Medium,161,5
BR-0232,38,concrete,1,Low,256,65
BR-0233,20,wood,3,Low,419,25
BR-0234,24,concrete,3,Low,413,5
BR-0235,35,concrete,5,Low,360,15
BR-0236,41,steel,2,High,164,35
BR-0237,41,steel,4,Medium,327,15
BR-0238,29,steel,3,Low,234,15
BR-0239,21,steel,5,High,287,25
BR-0240,25,wood,3,Low,435,25
BR-0241,21,concrete,4,Medium,485,25
BR-0242,42,steel,2,High,449,15
BR-0243,7,wood,4,Low,230,5
BR-0244,31,steel,3,Low,253,35
BR-0245,40,steel,3,Low,394,15
BR-0246,53,concrete,3,High,277,75
BR-0247,35,wood,1,Medium,324,45
BR-0248,47,concrete,4,Low,285,55
BR-0249,30,concrete,3,Medium,185,35
BR-0250,26,concrete,2,Low,342,15
BR-0251,26,concrete,3,Medium,380,35
BR-0252,53,concrete,3,Low,366,5
BR-0253,46,steel,2,High,320,75
BR-0254,40,steel,3,High,262,35
BR-0255,74,wood,2,High,527,55
BR-0256,34,concrete,2,Medium,400,35
BR-0257,42,steel,1,Medium,243,55
BR-0258,38,concrete,2,Medium,221,5
BR-0259,32,concrete,2,Medium,380,25
BR-0260,62,steel,2,High,192,55
BR-0261,53,steel,1,Medium,423,45
BR-0262,18,wood,3,Medium,414,25
BR-0263,30,wood,4,Low,482,15
BR-0264,40,concrete,2,Low,425,45
BR-0265,44,concrete,2,Medium,301,25
BR-0266,18,concrete,5,Low,198,5
BR-0267,7,wood,2,Low,383,5
BR-0268,12,steel,5,High,270,15
BR-0269,34,steel,4,High,643,25
BR-0270,33,steel,3,High,475,5
BR-0271,39,concrete,3,Medium,89,35
BR-0272,25,concrete,4,High,379,5
BR-0273,20,steel,2,Medium,298,35
BR-0274,10,steel,1,Medium,368,15
BR-0275,38,steel,3,Medium,200,25
BR-0276,39,steel,1,Low,157,25
BR-0277,46,steel,3,Low,539,25
BR-0278,44,wood,2,Low,447,55
BR-0279,32,steel,4,High,466,35
BR-0280,51,wood,2,High,503,85
BR-0281,33,steel,2,High,345,15
BR-0282,27,steel,3,Medium,550,25
BR-0283,28,concrete,4,Medium,81,45
BR-0284,27,steel,3,Medium,337,45
BR-0285,9,steel,4,Low,481,5
BR-0286,36,concrete,3,Medium,191,25
BR-0287,37,wood,1,High,662,5
BR-0288,30,concrete,1,Low,371,25
BR-0289,26,steel,2,High,109,5
BR-0290,39,steel,2,Medium,249,25
BR-0291,55,concrete,3,Medium,227,5
BR-0292,35,concrete,4,Medium,464,45
BR-0293,28,wood,5,Low,481,45
BR-0294,27,steel,3,Low,429,35
BR-0295,34,concrete,2,Medium,380,15
BR-0296,19,concrete,4,High,395,15
BR-0297,33,wood,3,Low,279,55
BR-0298,35,concrete,1,High,124,45
BR-0299,57,steel,3,High,511,65
BR-0300,46,concrete,1,High,451,35
BR-0301,47,wood,3,Low,762,25
BR-0302,26,steel,1,Low,428,5
BR-0303,43,concrete,1,Low,410,35
BR-0304,21,steel,3,Medium,198,15
BR-0305,38,concrete,4,Medium,483,15
BR-0306,40,steel,3,Medium,75,25
BR-0307,25,concrete,5,High,296,5
BR-0308,58,concrete,3,High,411,85
BR-0309,41,concrete,1,Low,590,55
BR-0310,12,concrete,3,High,275,5
BR-0311,41,concrete,4,Low,369,55
BR-0312,30,wood,4,Medium,411,35
BR-0313,35,wood,1,Low,624,35
BR-0314,40,concrete,3,High,396,5
BR-0315,39,steel,2,High,352,45
BR-0316,10,steel,5,Low,348,5
BR-0317,21,concrete,3,Low,388,25
BR-0318,44,steel,2,High,315,25
BR-0319,50,concrete,3,Medium,568,15
BR-0320,57,steel,3,Low,451,15
BR-0321,56,concrete,1,Medium,168,15
BR-0322,10,concrete,4,Medium,463,15
BR-0323,44,wood,3,High,217,25
BR-0324,12,concrete,2,Medium,657,15
BR-0325,54,steel,2,Medium,379,35
BR-0326,38,concrete,2,Medium,204,45
BR-0327,21,steel,4,High,368,25
BR-0328,59,steel,4,Medium,292,45
BR-0329,42,concrete,4,Medium,371,25
BR-0330,12,concrete,3,Medium,523,15
BR-0331,38,concrete,2,High,502,25
BR-0332,26,concrete,3,Low,378,25
BR-0333,36,steel,4,High,321,15
BR-0334,29,concrete,4,Medium,209,25
BR-0335,51,steel,4,Medium,400,45
BR-0336,17,wood,3,High,233,5
BR-0337,38,concrete,1,High,242,25
BR-0338,56,steel,2,High,347,45
BR-0339,25,concrete,4,High,438,5
BR-0340,37,wood,2,Low,382,5
BR-0341,37,steel,4,High,218,35
BR-0342,26,steel,5,High,214,25
BR-0343,42,concrete,4,Low,490,45
BR-0344,36,wood,3,Medium,694,55
BR-0345,23,steel,4,Low,594,5
BR-0346,56,concrete,2,High,96,45
BR-0347,44,concrete,2,Medium,307,25
BR-0348,32,steel,5,Low,306,25
BR-0349,27,wood,3,High,240,25
BR-0350,25,concrete,3,Low,75,5
BR-0351,49,concrete,4,Medium,347,15
BR-0352,33,wood,5,Medium,333,5
BR-0353,40,wood,1,Medium,265,15
BR-0354,32,steel,3,Low,408,25
BR-0355,42,steel,1,Low,554,35
BR-0356,33,steel,4,Medium,417,35
BR-0357,44,steel,3,High,395,25
BR-0358,32,steel,2,Low,230,25
BR-0359,44,steel,1,Low,275,35
BR-0360,43,steel,1,Medium,306,15
BR-0361,33,concrete,1,Low,269,25
BR-0362,24,steel,4,Low,550,25
BR-0363,23,wood,4,Medium,444,15
BR-0364,26,wood,3,High,280,55
BR-0365,23,wood,5,Medium,113,15
BR-0366,45,steel,1,Low,389,45
BR-0367,34,steel,1,High,272,15
BR-0368,53,wood,3,Low,459,25
BR-0369,62,concrete,3,High,351,65
BR-0370,35,concrete,4,High,472,25
BR-0371,16,concrete,3,Medium,467,5
BR-0372,30,wood,5,Low,451,15
BR-0373,34,concrete,1,Medium,383,65
BR-0374,17,wood,3,High,463,15
BR-0375,31,concrete,5,Medium,614,15
BR-0376,38,concrete,2,High,288,5
BR-0377,29,wood,3,Medium,380,15
BR-0378,25,concrete,4,High,487,15
BR-0379,25,wood,3,High,393,25
BR-0380,56,concrete,1,High,497,35
BR-0381,33,concrete,2,Medium,357,35
BR-0382,25,concrete,2,High,275,35
BR-0383,30,wood,1,High,489,25
BR-0384,46,concrete,4,High,264,25
BR-0385,26,steel,2,Medium,720,15
BR-0386,40,concrete,1,Medium,466,25
BR-0387,43,steel,4,Medium,257,15
BR-0388,43,concrete,3,High,419,55
BR-0389,51,concrete,1,Low,479,65
BR-0390,28,wood,2,High,446,25
BR-0391,48,steel,4,Low,294,65
BR-0392,25,steel,2,Medium,411,25
BR-0393,30,concrete,1,High,386,35
BR-0394,49,steel,4,Medium,364,35
BR-0395,44,concrete,1,High,214,25
BR-0396,35,concrete,3,High,404,25
BR-0397,20,steel,3,Low,301,25
BR-0398,41,steel,2,Medium,379,45
BR-0399,27,concrete,4,High,481,35
BR-0400,23,concrete,2,Low,243,15
BR-0401,27,steel,2,Low,227,15
BR-0402,37,steel,1,High,486,45
BR-0403,9,concrete,2,High,368,5
BR-0404,39,steel,1,Low,179,5
BR-0405,37,steel,3,High,413,25
BR-0406,27,wood,2,High,540,25
BR-0407,47,steel,4,Low,496,15
BR-0408,42,concrete,4,High,305,25
BR-0409,27,concrete,4,High,476,25
BR-0410,26,concrete,3,Low,402,45
BR-0411,43,concrete,2,High,434,25
BR-0412,16,concrete,5,High,501,35
BR-0413,31,concrete,1,High,369,15
BR-0414,27,concrete,4,High,423,15
BR-0415,35,wood,4,Medium,99,15
BR-0416,37,steel,3,High,218,15
BR-0417,35,concrete,2,Low,382,15
BR-0418,48,concrete,2,High,475,55
BR-0419,37,wood,3,Medium,357,15
BR-0420,31,steel,3,High,407,15
BR-0421,20,concrete,2,Medium,304,5
BR-0422,43,concrete,1,Low,354,25
BR-0423,41,concrete,4,High,267,15
BR-0424,52,concrete,1,High,344,55
BR-0425,26,steel,3,High,570,5
BR-0426,35,steel,3,High,291,35
BR-0427,34,concrete,4,Medium,466,45
BR-0428,33,steel,4,Low,427,15
BR-0429,35,concrete,2,Low,428,15
BR-0430,14,wood,5,High,398,15
BR-0431,44,steel,3,High,467,25
BR-0432,42,concrete,4,Low,262,25
BR-0433,48,wood,2,Medium,512,25
BR-0434,61,steel,3,Low,336,45
BR-0435,31,steel,3,Low,363,35
BR-0436,34,steel,4,High,340,35
BR-0437,35,wood,2,Low,438,25
BR-0438,58,concrete,3,High,239,55
BR-0439,14,concrete,5,High,247,5
BR-0440,40,concrete,2,High,189,55
BR-0441,17,concrete,4,Low,216,5
BR-0442,4,concrete,3,Medium,336,5
BR-0443,10,steel,4,Low,447,15
BR-0444,18,concrete,4,Low,303,25
BR-0445,47,concrete,2,High,296,25
BR-0446,24,steel,3,Medium,436,15
BR-0447,32,concrete,4,Medium,295,25
BR-0448,21,concrete,5,Low,384,35
BR-0449,42,wood,2,Medium,294,45
BR-0450,21,concrete,2,High,679,15
BR-0451,50,wood,2,Low,330,55
BR-0452,23,concrete,2,Low,305,15
BR-0453,25,steel,4,Low,249,5
BR-0454,36,wood,1,Medium,306,15
BR-0455,35,wood,3,High,317,35
BR-0456,52,steel,2,Low,193,25
BR-0457,36,steel,3,High,295,15
BR-0458,20,concrete,5,Medium,347,15
BR-0459,28,steel,4,Low,248,25
BR-0460,28,concrete,3,Low,444,25
BR-0461,43,wood,4,Low,542,45
BR-0462,39,concrete,4,Low,629,45
BR-0463,33,steel,4,High,304,35
BR-0464,45,steel,2,High,284,35
BR-0465,28,wood,4,High,375,15
BR-0466,33,wood,1,Low,30,25
BR-0467,37,concrete,4,Medium,328,45
BR-0468,53,steel,5,High,96,55
BR-0469,33,concrete,4,Low,418,25
BR-0470,30,steel,4,High,326,25
BR-0471,22,concrete,5,Low,177,5
BR-0472,43,wood,3,High,498,45
BR-0473,27,steel,2,Medium,303,25
BR-0474,39,concrete,3,Medium,315,25
BR-0475,12,steel,2,Low,373,35
BR-0476,47,wood,3,Low,286,35
BR-0477,19,wood,4,Low,680,15
BR-0478,25,wood,3,High,278,25
BR-0479,47,concrete,2,Medium,250,45
BR-0480,18,steel,4,Low,278,15
BR-0481,34,concrete,5,Medium,338,15
BR-0482,35,wood,4,Medium,241,45
BR-0483,23,steel,3,Low,168,15
BR-0484,51,steel,3,Low,630,25
BR-0485,52,concrete,2,Low,358,25
BR-0486,11,concrete,5,Low,240,5
BR-0487,17,wood,5,High,329,15
BR-0488,44,concrete,2,Low,111,15
BR-0489,19,steel,5,High,447,25
BR-0490,30,wood,3,High,225,15
BR-0491,36,wood,3,Low,602,5
BR-0492,43,wood,4,Medium,104,45
BR-0493,32,wood,3,Medium,303,15
BR-0494,36,concrete,2,High,291,25
BR-0495,25,steel,3,Low,122,15
BR-0496,50,wood,1,Low,254,15
BR-0497,29,wood,1,High,330,25
BR-0498,39,concrete,1,Low,500,25
BR-0499,28,concrete,3,Medium,244,25
BR-0500,36,concrete,2,Medium,293,25
BR-0501,32,steel,4,High,382,15
BR-0502,33,concrete,2,Low,297,25
BR-0503,22,steel,5,Low,324,15
BR-0504,44,steel,2,Medium,318,5
BR-0505,51,steel,1,Low,477,35
BR-0506,37,concrete,1,High,601,15
BR-0507,43,wood,3,Low,46,15
BR-0508,45,concrete,3,Medium,378,55
BR-0509,46,steel,2,High,237,25
BR-0510,38,steel,4,Low,380,25
BR-0511,37,steel,4,High,583,25
BR-0512,45,steel,1,Medium,329,15
BR-0513,35,steel,4,Medium,457,15
BR-0514,23,steel,4,High,375,15
BR-0515,35,steel,4,Medium,411,15
BR-0516,12,concrete,4,Low,320,5
BR-0517,34,wood,2,High,133,25
BR-0518,39,concrete,2,Low,493,25
BR-0519,49,wood,3,High,88,45
BR-0520,36,concrete,3,High,312,15
BR-0521,46,steel,2,Low,386,45
BR-0522,34,wood,3,High,413,35
BR-0523,22,concrete,2,Low,521,35
BR-0524,18,wood,4,High,203,5
BR-0525,23,concrete,3,Low,292,25
BR-0526,18,steel,4,Low,196,5
BR-0527,42,concrete,1,Medium,509,55
BR-0528,32,concrete,2,Medium,376,35
BR-0529,41,steel,1,Low,223,35
BR-0530,35,steel,4,Medium,587,15
BR-0531,47,steel,1,Low,469,45
BR-0532,47,wood,3,High,178,25
BR-0533,27,wood,3,Medium,586,15
BR-0534,31,concrete,2,Low,296,75
BR-0535,28,steel,3,Low,405,45
BR-0536,15,wood,2,Low,247,25
BR-0537,43,concrete,1,Low,486,45
BR-0538,49,steel,4,High,301,5
BR-0539,34,concrete,3,High,468,35
BR-0540,29,concrete,3,Medium,135,65
BR-0541,48,wood,2,High,261,65
BR-0542,6,wood,3,Low,523,15
BR-0543,37,steel,3,High,406,15
BR-0544,36,concrete,4,Low,312,35
BR-0545,28,concrete,1,High,490,15
BR-0546,51,steel,2,High,350,25
BR-0547,46,wood,4,Medium,396,35
BR-0548,31,wood,5,Medium,165,25
BR-0549,33,concrete,2,Medium,107,25
BR-0550,30,steel,3,Low,415,35
BR-0551,28,concrete,1,Medium,370,15
BR-0552,19,steel,4,Medium,155,5
BR-0553,51,steel,3,Medium,427,55
BR-0554,47,concrete,2,Low,320,35
BR-0555,44,steel,2,Low,470,65
BR-0556,21,concrete,5,Medium,329,15
BR-0557,59,wood,4,High,353,35
BR-0558,58,concrete,3,High,276,65
BR-0559,37,concrete,1,Medium,177,5
BR-0560,24,concrete,3,High,330,5
BR-0561,24,wood,4,Low,365,35
BR-0562,40,steel,4,Low,353,25
BR-0563,24,wood,3,Medium,570,25
BR-0564,34,concrete,4,Low,252,25
BR-0565,48,concrete,2,Low,436,45
BR-0566,16,concrete,3,Medium,529,15
BR-0567,59,concrete,2,High,236,25
BR-0568,53,steel,4,High,431,35
BR-0569,20,steel,2,High,312,25
BR-0570,18,concrete,4,High,488,25
BR-0571,31,steel,3,Medium,301,35
BR-0572,22,steel,3,High,440,15
BR-0573,31,steel,5,High,438,25
BR-0574,4,wood,4,Low,430,5
BR-0575,32,concrete,4,High,493,5
BR-0576,56,concrete,2,High,345,25
BR-0577,21,concrete,4,High,412,45
BR-0578,31,steel,3,Low,303,65
BR-0579,17,wood,4,High,352,15
BR-0580,42,concrete,4,Low,379,45
BR-0581,32,steel,3,Medium,248,45
BR-0582,58,steel,3,Medium,453,45
BR-0583,37,steel,2,Low,234,25
BR-0584,30,wood,2,Low,458,15
BR-0585,41,steel,3,Medium,279,65
BR-0586,28,steel,2,High,501,5
BR-0587,18,concrete,5,High,349,15
BR-0588,38,concrete,3,High,269,25
BR-0589,32,steel,4,Medium,334,15
BR-0590,36,concrete,1,High,574,55
BR-0591,39,steel,5,Medium,203,35
BR-0592,28,steel,2,High,389,15
BR-0593,40,concrete,3,Medium,327,15
BR-0594,55,steel,2,Low,566,45
BR-0595,21,steel,5,High,399,5
BR-0596,55,concrete,4,Low,649,55
BR-0597,32,steel,3,High,337,25
BR-0598,25,concrete,4,High,365,5
BR-0599,64,concrete,2,Medium,317,25
BR-0600,36,concrete,5,High,455,55
BR-0601,51,steel,2,Low,287,35
BR-0602,44,concrete,4,High,241,15
BR-0603,14,steel,2,Medium,326,5
BR-0604,36,concrete,1,Medium,500,25
BR-0605,28,steel,5,Low,419,25
BR-0606,18,steel,2,Medium,225,15
BR-0607,13,concrete,4,High,409,5
BR-0608,36,steel,5,Medium,323,25
BR-0609,42,wood,3,Medium,334,55
BR-0610,39,wood,3,High,376,25
BR-0611,31,concrete,4,Low,410,65
BR-0612,25,steel,3,Medium,119,5
BR-0613,23,steel,5,Medium,319,15
BR-0614,28,steel,2,Medium,475,35
BR-0615,22,steel,3,Medium,212,15
BR-0616,32,concrete,2,Low,374,45
BR-0617,34,wood,2,High,300,15
BR-0618,24,steel,1,High,338,35
BR-0619,32,wood,3,Medium,528,15
BR-0620,25,wood,4,Low,334,35
BR-0621,34,concrete,1,Low,352,35
BR-0622,41,concrete,3,Low,390,15
BR-0623,37,concrete,3,Low,363,35
BR-0624,40,steel,1,Medium,337,25
BR-0625,15,steel,2,High,455,5
BR-0626,30,steel,1,Medium,428,35
BR-0627,38,steel,3,Medium,317,25
BR-0628,42,steel,3,High,288,15
BR-0629,15,steel,5,Low,402,45
BR-0630,36,concrete,2,Medium,341,25
BR-0631,49,wood,1,Medium,470,55
BR-0632,32,concrete,2,Medium,378,25
BR-0633,33,concrete,1,Medium,129,15
BR-0634,40,concrete,2,High,257,25
BR-0635,37,steel,4,Medium,67,35
BR-0636,43,wood,2,Medium,181,35
BR-0637,35,steel,1,Medium,169,25
BR-0638,36,steel,3,Low,268,5
BR-0639,25,steel,5,Medium,160,5
BR-0640,32,steel,4,High,361,35
BR-0641,50,steel,2,High,281,65
BR-0642,32,steel,3,Low,462,15
BR-0643,32,concrete,3,Low,418,45
BR-0644,29,wood,5,Low,141,35
BR-0645,44,concrete,2,High,748,25
BR-0646,24,concrete,4,Low,482,35
BR-0647,45,steel,1,Medium,362,55
BR-0648,23,steel,5,High,312,15
BR-0649,22,concrete,3,Medium,342,5
BR-0650,37,concrete,5,Medium,518,35
BR-0651,36,concrete,3,Medium,337,25
BR-0652,38,steel,3,Low,404,25
BR-0653,47,wood,2,High,310,45
BR-0654,30,concrete,2,Low,533,35
BR-0655,40,concrete,2,High,363,15
BR-0656,24,steel,4,Medium,509,25
BR-0657,50,wood,2,Medium,488,15
BR-0658,42,steel,3,Medium,250,55
BR-0659,41,steel,1,Medium,188,15
BR-0660,37,concrete,4,Low,365,45
BR-0661,25,steel,4,Medium,345,25
BR-0662,31,concrete,3,High,534,35
BR-0663,41,concrete,3,Medium,598,15
BR-0664,34,steel,4,High,210,35
BR-0665,36,concrete,4,High,320,45
BR-0666,18,concrete,5,Low,416,35
BR-0667,37,steel,1,Low,325,25
BR-0668,26,wood,2,Low,486,35
BR-0669,21,wood,3,Medium,439,5
BR-0670,33,steel,2,Medium,396,25
BR-0671,12,concrete,5,Medium,308,15
BR-0672,43,concrete,4,Medium,291,35
BR-0673,45,steel,1,Medium,424,45
BR-0674,34,concrete,2,Medium,416,25
BR-0675,23,concrete,4,High,215,5
BR-0676,23,concrete,3,High,399,5
BR-0677,33,concrete,2,Medium,433,5
BR-0678,5,concrete,2,Medium,381,5
BR-0679,37,steel,1,High,338,35
BR-0680,42,concrete,1,Low,514,35
BR-0681,31,concrete,5,High,373,25
BR-0682,29,steel,4,Medium,325,15
BR-0683,37,wood,4,Low,352,25
BR-0684,39,concrete,4,Medium,406,15
BR-0685,48,concrete,4,High,246,5
BR-0686,35,steel,2,Medium,144,15
BR-0687,26,wood,5,High,413,25
BR-0688,29,steel,3,Medium,291,5
BR-0689,37,concrete,2,Medium,493,35
BR-0690,53,wood,2,High,486,35
BR-0691,31,steel,2,Medium,226,25
BR-0692,22,concrete,2,High,342,5
BR-0693,24,steel,5,Low,277,25
BR-0694,9,wood,5,Medium,574,15
BR-0695,38,wood,2,Medium,354,25
BR-0696,18,wood,5,Low,84,15
BR-0697,20,steel,4,High,491,15
BR-0698,11,wood,4,High,340,5
BR-0699,21,concrete,5,High,248,35
BR-0700,41,wood,2,High,372,35
BR-0701,19,wood,5,Low,203,5
BR-0702,14,concrete,3,Low,448,5
BR-0703,37,steel,1,High,470,35
BR-0704,30,steel,2,Medium,321,15
BR-0705,40,concrete,4,Low,675,35
BR-0706,43,concrete,4,Low,406,5
BR-0707,34,concrete,3,Medium,215,15
BR-0708,19,wood,4,High,121,15
BR-0709,33,steel,4,High,374,15
BR-0710,41,wood,1,Medium,516,45
BR-0711,28,wood,1,High,222,45
BR-0712,17,concrete,3,Medium,531,15
BR-0713,48,wood,2,Low,163,35
BR-0714,30,concrete,4,Medium,534,5
BR-0715,30,wood,3,Medium,363,25
BR-0716,35,steel,2,High,417,25
BR-0717,47,steel,1,Low,427,45
BR-0718,38,steel,2,Low,609,35
BR-0719,31,wood,2,Medium,513,5
BR-0720,43,wood,3,Medium,224,45
BR-0721,60,concrete,3,Low,491,45
BR-0722,51,steel,3,High,109,45
BR-0723,43,steel,1,High,468,5
BR-0724,21,steel,5,Medium,204,15
BR-0725,80,steel,2,Medium,448,35
BR-0726,20,steel,4,Medium,199,5
BR-0727,30,steel,4,Medium,188,45
BR-0728,26,concrete,4,High,233,15
BR-0729,54,steel,3,High,403,5
BR-0730,40,concrete,3,Low,371,5
BR-0731,17,concrete,5,Medium,381,5
BR-0732,38,concrete,2,Low,302,45
BR-0733,41,concrete,1,Low,345,35
BR-0734,31,steel,3,Low,410,5
BR-0735,20,steel,2,High,587,45
BR-0736,26,wood,3,High,322,5
BR-0737,29,wood,1,Low,281,35
BR-0738,35,steel,4,High,169,35
BR-0739,28,steel,3,High,356,35
BR-0740,43,concrete,2,Low,272,5
BR-0741,23,wood,4,Medium,389,15
BR-0742,14,steel,4,High,288,25
BR-0743,26,wood,3,Medium,570,15
BR-0744,51,steel,4,Low,162,45
BR-0745,28,steel,1,High,622,25
BR-0746,63,steel,3,Low,277,75
BR-0747,40,concrete,1,Low,635,25
BR-0748,21,concrete,3,Low,185,15
BR-0749,24,concrete,3,Low,424,15
BR-0750,37,wood,3,Medium,471,15
BR-0751,20,concrete,3,Medium,462,15
BR-0752,63,concrete,2,High,426,5
BR-0753,23,concrete,4,High,405,25
BR-0754,43,steel,2,Low,92,5
BR-0755,52,concrete,3,Medium,377,25
BR-0756,33,wood,3,Low,444,15
BR-0757,23,concrete,5,Low,344,25
BR-0758,31,concrete,4,Medium,562,15
BR-0759,39,concrete,3,High,387,35
BR-0760,45,steel,3,Medium,445,5
BR-0761,35,steel,2,High,393,45
BR-0762,18,wood,4,High,435,15
BR-0763,35,concrete,3,Low,376,35
BR-0764,26,steel,4,Medium,495,25
BR-0765,8,concrete,3,Medium,334,35
BR-0766,26,concrete,4,High,324,25
BR-0767,17,steel,4,High,484,25
BR-0768,42,concrete,1,Medium,345,55
BR-0769,58,steel,2,High,221,45
BR-0770,57,steel,4,Medium,440,25
BR-0771,28,steel,2,Low,254,5
BR-0772,29,steel,3,Medium,385,15
BR-0773,43,concrete,1,High,425,35
BR-0774,47,wood,4,Low,186,25
BR-0775,29,steel,3,Low,326,45
BR-0776,33,steel,3,High,478,35
BR-0777,61,concrete,1,High,217,25
BR-0778,33,concrete,3,Low,307,15
BR-0779,29,wood,3,Medium,587,35
BR-0780,36,concrete,3,Low,260,35
BR-0781,41,steel,4,Low,279,65
BR-0782,22,wood,4,High,403,25
BR-0783,32,concrete,4,Medium,41,5
BR-0784,21,concrete,4,Medium,366,5
BR-0785,31,concrete,4,Low,130,45
BR-0786,57,steel,3,Medium,475,35
BR-0787,43,wood,2,Low,494,35
BR-0788,33,concrete,5,Low,300,35
BR-0789,23,concrete,2,Low,353,15
BR-0790,31,concrete,3,High,225,35
BR-0791,47,steel,1,Low,516,5
BR-0792,28,wood,4,Medium,285,5
BR-0793,52,steel,4,High,436,55
BR-0794,18,steel,4,Low,390,5
BR-0795,31,wood,2,Low,306,15
BR-0796,55,concrete,1,Low,377,35
BR-0797,10,concrete,5,High,30,5
BR-0798,49,concrete,4,Medium,494,15
BR-0799,12,concrete,5,Medium,510,5
BR-0800,33,wood,3,Low,489,25
BR-0801,32,wood,2,High,395,15
BR-0802,44,steel,2,Medium,431,25
BR-0803,1,steel,3,Low,488,5
BR-0804,11,steel,5,High,264,5
BR-0805,28,concrete,2,Low,211,35
BR-0806,35,wood,5,Low,339,65
BR-0807,24,concrete,5,Low,253,15
BR-0808,32,steel,2,Medium,140,45
BR-0809,20,steel,3,Medium,116,5
BR-0810,30,steel,3,High,206,15
BR-0811,24,steel,3,Medium,562,35
BR-0812,37,wood,2,Medium,475,5
BR-0813,41,wood,2,High,519,45
BR-0814,52,concrete,3,Low,320,35
BR-0815,27,concrete,3,High,466,35
BR-0816,31,concrete,4,High,332,35
BR-0817,35,concrete,1,Low,515,15
BR-0818,31,steel,1,Medium,323,35
BR-0819,34,concrete,3,Medium,347,25
BR-0820,16,steel,4,Medium,401,5
BR-0821,39,wood,1,Low,500,5
BR-0822,24,concrete,2,High,644,35
BR-0823,23,concrete,5,Low,473,55
BR-0824,15,concrete,5,Medium,543,25
BR-0825,48,concrete,1,Low,330,45
BR-0826,33,wood,4,High,314,15
BR-0827,48,steel,1,Low,400,55
BR-0828,38,concrete,2,Low,268,25
BR-0829,14,steel,5,Medium,435,5
BR-0830,21,concrete,3,Low,239,25
BR-0831,44,concrete,1,High,212,15
BR-0832,25,concrete,4,High,387,15
BR-0833,21,concrete,2,High,426,45
BR-0834,32,wood,4,Low,211,5
BR-0835,32,steel,2,Medium,471,65
BR-0836,22,steel,3,Medium,392,35
BR-0837,31,steel,2,Low,337,5
BR-0838,29,steel,4,Medium,300,15
BR-0839,3,wood,4,Low,266,5
BR-0840,41,steel,1,High,349,45
BR-0841,25,concrete,4,Medium,297,15
BR-0842,50,concrete,2,Low,374,35
BR-0843,21,concrete,4,Medium,265,15
BR-0844,16,concrete,3,High,350,15
BR-0845,49,steel,3,High,222,25
BR-0846,15,steel,4,High,352,5
BR-0847,27,wood,3,High,324,15
BR-0848,42,steel,2,Low,149,35
BR-0849,31,wood,3,Medium,367,15
BR-0850,15,concrete,4,High,343,15
BR-0851,37,steel,3,Medium,417,65
BR-0852,32,concrete,4,High,140,15
BR-0853,50,steel,3,Low,317,55
BR-0854,42,wood,2,High,517,35
BR-0855,71,concrete,1,Medium,297,95
BR-0856,15,steel,4,Low,298,5
BR-0857,34,steel,3,Low,394,25
BR-0858,22,steel,5,Medium,435,15
BR-0859,48,steel,1,High,404,35
BR-0860,44,concrete,2,High,323,35
BR-0861,44,steel,2,Medium,539,25
BR-0862,25,wood,3,Medium,379,5
BR-0863,26,concrete,2,Medium,256,45
BR-0864,10,steel,4,Low,199,5
BR-0865,55,wood,1,Low,429,55
BR-0866,41,concrete,3,Low,211,25
BR-0867,31,wood,4,Low,266,5
BR-0868,46,concrete,3,High,171,55
BR-0869,44,wood,3,Medium,439,25
BR-0870,46,steel,4,Low,195,35
BR-0871,15,concrete,4,Medium,261,15
BR-0872,26,concrete,2,High,225,5
BR-0873,37,steel,4,Medium,384,25
BR-0874,39,steel,2,Low,289,25
BR-0875,46,steel,4,High,340,25
BR-0876,22,wood,5,Low,369,15
BR-0877,36,wood,4,High,274,25
BR-0878,61,wood,2,High,69,35
BR-0879,43,wood,1,Low,295,45
BR-0880,45,steel,2,Low,323,15
BR-0881,34,concrete,3,Low,379,45
BR-0882,44,concrete,2,Medium,369,5
BR-0883,56,steel,3,Medium,596,65
BR-0884,36,steel,3,Medium,335,35
BR-0885,49,steel,4,High,271,35
BR-0886,24,steel,5,Low,331,15
BR-0887,42,steel,3,Medium,226,25
BR-0888,45,concrete,3,Medium,275,25
BR-0889,25,steel,4,High,175,25
BR-0890,48,concrete,2,Low,379,35
BR-0891,26,concrete,2,Medium,347,15
BR-0892,25,concrete,4,High,404,55
BR-0893,34,concrete,3,Low,226,5
BR-0894,58,concrete,2,High,388,65
BR-0895,38,concrete,2,High,357,75
BR-0896,46,steel,1,Low,341,15
BR-0897,26,concrete,3,Low,316,45
BR-0898,35,steel,3,High,437,15
BR-0899,20,steel,5,Medium,278,25
BR-0900,28,steel,2,Low,503,45
BR-0901,45,concrete,1,Low,432,45
BR-0902,34,wood,3,Medium,438,35
BR-0903,52,wood,1,High,454,35
BR-0904,32,concrete,2,Low,209,35
BR-0905,32,concrete,3,High,436,25
BR-0906,50,concrete,1,High,144,35
BR-0907,27,wood,3,High,364,5
BR-0908,16,concrete,4,High,187,15
BR-0909,50,concrete,4,Medium,152,35
BR-0910,39,steel,2,High,375,15
BR-0911,9,steel,3,High,379,5
BR-0912,35,concrete,3,High,517,55
BR-0913,30,wood,4,Low,352,15
BR-0914,55,steel,4,Medium,544,55
BR-0915,26,concrete,3,High,147,5
BR-0916,28,concrete,3,Medium,360,25
BR-0917,24,wood,4,Medium,427,5
BR-0918,22,concrete,5,Medium,423,25
BR-0919,26,concrete,2,Medium,342,45
BR-0920,17,steel,2,Medium,394,5
BR-0921,22,wood,3,Low,471,15
BR-0922,15,concrete,3,Medium,514,15
BR-0923,17,wood,2,Low,290,15
BR-0924,16,concrete,5,Low,100,5
BR-0925,28,steel,3,Low,396,5
BR-0926,26,wood,5,High,316,5
BR-0927,20,steel,2,Low,419,25
BR-0928,40,concrete,1,Medium,379,25
BR-0929,34,concrete,5,Low,424,35
BR-0930,29,steel,1,High,327,55
BR-0931,29,steel,2,Medium,170,5
BR-0932,54,concrete,2,Low,357,65
BR-0933,37,steel,5,Low,516,45
BR-0934,40,steel,1,High,542,15
BR-0935,3,steel,5,High,375,5
BR-0936,27,steel,4,Low,275,25
BR-0937,8,concrete,5,High,314,5
BR-0938,29,wood,2,Medium,363,25
BR-0939,39,steel,2,Medium,251,55
BR-0940,26,concrete,4,Low,501,25
BR-0941,41,concrete,4,Low,288,45
BR-0942,22,steel,3,Low,405,25
BR-0943,41,steel,4,High,253,55
BR-0944,16,steel,5,High,436,25
BR-0945,31,steel,4,Low,345,5
BR-0946,40,wood,2,Medium,387,35
BR-0947,41,concrete,3,Medium,319,45
BR-0948,33,steel,3,High,360,35
BR-0949,58,steel,4,High,382,35
BR-0950,30,wood,3,Low,238,15
BR-0951,29,steel,3,Low,398,35
BR-0952,1,concrete,3,Medium,341,5
BR-0953,56,concrete,1,Medium,287,5
BR-0954,30,steel,3,Low,242,15
BR-0955,20,concrete,2,Low,300,15
BR-0956,50,wood,2,Low,226,15
BR-0957,49,steel,2,Low,377,55
BR-0958,36,concrete,3,Medium,356,25
BR-0959,17,concrete,5,High,528,15
BR-0960,40,steel,5,Medium,275,25
BR-0961,27,steel,3,High,161,15
BR-0962,20,wood,4,Low,306,5
BR-0963,47,concrete,3,Medium,524,25
BR-0964,9,wood,5,Low,229,5
BR-0965,41,concrete,4,Low,354,35
BR-0966,40,concrete,2,Low,396,35
BR-0967,59,concrete,2,Medium,361,25
BR-0968,38,steel,3,High,302,35
BR-0969,10,steel,4,High,491,5
BR-0970,24,steel,4,Low,448,5
BR-0971,35,steel,5,Low,380,35
BR-0972,39,wood,3,High,389,45
BR-0973,46,wood,1,High,376,25
BR-0974,11,concrete,3,Medium,571,35
BR-0975,31,steel,2,High,397,45
BR-0976,46,wood,3,High,391,35
BR-0977,53,steel,1,Low,342,65
BR-0978,57,wood,1,Medium,394,25
BR-0979,30,concrete,1,Medium,353,25
BR-0980,48,concrete,3,Low,359,15
BR-0981,55,concrete,4,Low,360,15
BR-0982,49,wood,1,Medium,206,15
BR-0983,43,steel,4,High,247,15
BR-0984,44,concrete,2,Low,165,5
BR-0985,25,wood,5,Medium,255,15
BR-0986,17,concrete,5,Low,173,15
BR-0987,46,steel,3,High,275,45
BR-0988,30,wood,3,High,353,5
BR-0989,34,steel,3,Low,415,15
BR-0990,28,concrete,4,Low,263,45
BR-0991,30,steel,2,Medium,402,25
BR-0992,37,wood,3,High,386,45
BR-0993,22,concrete,4,Medium,256,5
BR-0994,35,steel,2,Medium,403,15
BR-0995,37,concrete,3,Low,245,45
BR-0996,34,steel,5,Medium,350,25
BR-0997,26,wood,4,Medium,250,25
BR-0998,44,steel,1,Low,424,65
BR-0999,57,steel,3,Low,585,25
BR-1000,27,concrete,3,Medium,327,25
