bridge_id,bridge_name,age_years,material,last_inspection_score,traffic_volume_daily,last_inspection_date,maintenance_history
BR-0001,Bridge 1,33,Steel,Fair,3300,2023-06-02,2 repairs in last 5 years
BR-0002,Bridge 2,32,Wood,Fair,22700,29-May-2023,5 repairs in last 5 years
BR-0003,Bridge 3,33,Concrete,Fair,4100,2023-01-03,2 repairs in last 5 years
BR-0004,Bridge 4,43,Concrete,Fair,8500,2023-02-15,3 repairs in last 5 years
BR-0005,Bridge 5,33,Wood,Fair,8100,2023-01-04,3 repairs in last 5 years
BR-0006,Bridge 6,17,Concrete,Fair,15900,2023-08-03,1 repairs in last 5 years
BR-0007,Bridge 7,38,Steel,Good,8300,2022-12-23,0 repairs in last 5 years
BR-0008,Bridge 8,31,Concrete,Good,17300,2023-04-12,1 repairs in last 5 years
BR-0009,Bridge 9,32,STEEL,Critical,8600,2023-03-25,2 repairs in last 5 years
BR-0010,Bridge 10,36,Steel,Poor,15400,2023-06-07,5 repairs in last 5 years
BR-0011,Bridge 11,37,Steel,Fair,20000,2023-05-20,1 repairs in last 5 years
BR-0012,Bridge 12,48,Concrete,Critical,7200,11-Jul-2023,5 repairs in last 5 years
BR-0013,Bridge 13,42,Steel,Critical,5100,2023-06-05,1 repairs in last 5 years
BR-0014,Bridge 14,36,Wood,Fair,14200,2023-06-09,2 repairs in last 5 years
BR-0015,Bridge 15,26,steel,Critical,14900,2022-11-20,1 repairs in last 5 years
BR-0016,Bridge 16,22,Wood,Good,11000,2023-05-28,1 repairs in last 5 years
BR-0017,Bridge 17,37,Wood,Good,8300,2023-02-21,1 repairs in last 5 years
BR-0018,Bridge 18,50,CONCRETE,Critical,3500,2023-04-12,2 repairs in last 5 years
BR-0019,Bridge 19,35,Steel,Fair,13700,2023-03-17,2 repairs in last 5 years
BR-0020,Bridge 20,33,Steel,Fair,5000,2023-06-26,1 repairs in last 5 years
BR-0021,Bridge 21,41,Concrete,Poor,4100,2023-07-17,0 repairs in last 5 years
BR-0022,Bridge 22,17,steel,Excellent,6500,2022-10-23,0 repairs in last 5 years
BR-0023,Bridge 23,31,Steel,Good,9700,2023-03-16,3 repairs in last 5 years
BR-0024,Bridge 24,40,Concrete,Fair,14800,2023-03-21,2 repairs in last 5 years
BR-0025,Bridge 25,45,steel,Fair,10200,2023-05-05,6 repairs in last 5 years
BR-0026,Bridge 26,32,Steel,Good,2300,2022-12-21,1 repairs in last 5 years
BR-0027,Bridge 27,39,wood,Fair,13700,2022-08-27,2 repairs in last 5 years
BR-0028,Bridge 28,37,Concrete,Fair,6500,2023-04-24,1 repairs in last 5 years
BR-0029,Bridge 29,44,steel,Fair,6600,2023-09-01,4 repairs in last 5 years
BR-0030,Bridge 30,21,CONCRETE,Excellent,5000,2023-04-14,0 repairs in last 5 years
BR-0031,Bridge 31,41,steel,Good,7100,2023-10-09,3 repairs in last 5 years
BR-0032,Bridge 32,16,steel,Excellent,7300,2023-06-20,0 repairs in last 5 years
BR-0033,Bridge 33,3,Concrete,Good,6800,2023-02-27,0 repairs in last 5 years
BR-0034,Bridge 34,27,wood,Critical,9400,2023-04-12,2 repairs in last 5 years
BR-0035,Bridge 35,24,Steel,Good,6800,2023-08-25,1 repairs in last 5 years
BR-0036,Bridge 36,45,CONCRETE,Critical,7100,2023-11-17,3 repairs in last 5 years
BR-0037,Bridge 37,42,Steel,Poor,4600,2023-01-04,2 repairs in last 5 years
BR-0038,Bridge 38,20,STEEL,Good,4700,2023-03-26,1 repairs in last 5 years
BR-0039,Bridge 39,45,Steel,Fair,8000,2023-09-20,5 repairs in last 5 years
BR-0040,Bridge 40,22,Steel,Poor,7200,2023-08-29,3 repairs in last 5 years
BR-0041,Bridge 41,33,Concrete,Critical,7900,2023-03-05,1 repairs in last 5 years
BR-0042,Bridge 42,31,steel,Critical,5700,2023-01-04,1 repairs in last 5 years
BR-0043,Bridge 43,36,Steel,Good,11100,2023-02-07,3 repairs in last 5 years
BR-0044,Bridge 44,44,Steel,Critical,5700,2023-03-08,4 repairs in last 5 years
BR-0045,Bridge 45,42,Wood,Fair,5100,2023-01-07,3 repairs in last 5 years
BR-0046,Bridge 46,39,Steel,Critical,12900,2023-03-11,1 repairs in last 5 years
BR-0047,Bridge 47,42,Steel,Poor,3200,2022-12-31,4 repairs in last 5 years
BR-0048,Bridge 48,40,Steel,Poor,4600,2022-12-15,1 repairs in last 5 years
BR-0049,Bridge 49,27,Concrete,Good,16000,2023-11-01,2 repairs in last 5 years
BR-0050,Bridge 50,26,steel,Excellent,12000,2023-05-31,2 repairs in last 5 years
BR-0051,Bridge 51,29,CONCRETE,Poor,8900,2023-11-01,1 repairs in last 5 years
BR-0052,Bridge 52,40,Concrete,Good,4000,2023-04-14,5 repairs in last 5 years
BR-0053,Bridge 53,31,Steel,Fair,7100,2023-06-10,1 repairs in last 5 years
BR-0054,Bridge 54,63,Steel,Poor,9500,2022-11-24,1 repairs in last 5 years
BR-0055,Bridge 55,25,steel,Good,9300,10-Jan-2023,2 repairs in last 5 years
BR-0056,Bridge 56,21,Steel,Good,24200,2023-05-06,1 repairs in last 5 years
BR-0057,Bridge 57,44,Steel,Critical,7000,2023-08-05,2 repairs in last 5 years
BR-0058,Bridge 58,52,Wood,Fair,7400,2023-08-13,1 repairs in last 5 years
BR-0059,Bridge 59,41,Concrete,Poor,24200,2023-07-27,1 repairs in last 5 years
BR-0060,Bridge 60,45,Concrete,Good,13500,2024-03-20,0 repairs in last 5 years
BR-0061,Bridge 61,52,Steel,Good,8000,2023-03-07,4 repairs in last 5 years
BR-0062,Bridge 62,33,wood,Critical,3700,2023-11-06,3 repairs in last 5 years
BR-0063,Bridge 63,17,Steel,Good,23100,2023-06-03,0 repairs in last 5 years
BR-0064,Bridge 64,28,Concrete,Fair,7800,2023-04-14,2 repairs in last 5 years
BR-0065,Bridge 65,46,Concrete,Fair,8800,2023-03-23,4 repairs in last 5 years
BR-0066,Bridge 66,17,wood,Critical,12400,2022-11-17,0 repairs in last 5 years
BR-0067,Bridge 67,35,Concrete,Good,12900,2023-01-30,5 repairs in last 5 years
BR-0068,Bridge 68,38,Concrete,Good,19500,2023-03-22,3 repairs in last 5 years
BR-0069,Bridge 69,31,CONCRETE,Fair,9400,2023-02-10,3 repairs in last 5 years
BR-0070,Bridge 70,43,Steel,Fair,18100,2023-02-21,6 repairs in last 5 years
BR-0071,Bridge 71,41,Concrete,Good,5300,2022-09-25,3 repairs in last 5 years
BR-0072,Bridge 72,62,Concrete,Good,10900,2023-06-28,5 repairs in last 5 years
BR-0073,Bridge 73,42,steel,Fair,7500,2023-01-01,3 repairs in last 5 years
BR-0074,Bridge 74,27,CONCRETE,Fair,4800,07/06/2023,0 repairs in last 5 years
BR-0075,Bridge 75,28,Steel,Fair,8400,2023-10-17,2 repairs in last 5 years
BR-0076,Bridge 76,25,WOOD,Poor,9300,2023-04-13,2 repairs in last 5 years
BR-0077,Bridge 77,46,Wood,Critical,4900,2023-08-18,6 repairs in last 5 years
BR-0078,Bridge 78,28,Concrete,Fair,9700,2022-11-03,1 repairs in last 5 years
BR-0079,Bridge 79,34,STEEL,Poor,6800,2023-03-12,1 repairs in last 5 years
BR-0080,Bridge 80,43,Concrete,Poor,4000,2023-07-29,4 repairs in last 5 years
BR-0081,Bridge 81,26,Wood,Good,5600,2023-07-21,3 repairs in last 5 years
BR-0082,Bridge 82,31,Steel,Fair,4500,2023-05-21,2 repairs in last 5 years
BR-0083,Bridge 83,12,Steel,Excellent,7700,2023-02-06,0 repairs in last 5 years
BR-0084,Bridge 84,22,Concrete,Poor,10900,2023-07-14,1 repairs in last 5 years
BR-0085,Bridge 85,28,Concrete,Excellent,2700,2022-05-30,1 repairs in last 5 years
BR-0086,Bridge 86,39,Concrete,Fair,12900,2023-02-25,3 repairs in last 5 years
BR-0087,Bridge 87,49,Wood,Good,5800,2023-08-18,3 repairs in last 5 years
BR-0088,Bridge 88,34,Steel,Critical,3600,2023-06-23,5 repairs in last 5 years
BR-0089,Bridge 89,38,Concrete,Fair,14900,2023-05-01,2 repairs in last 5 years
BR-0090,Bridge 90,37,WOOD,Poor,7100,06-Nov-2023,1 repairs in last 5 years
BR-0091,Bridge 91,48,Concrete,Fair,10400,2022-10-04,0 repairs in last 5 years
BR-0092,Bridge 92,45,Steel,Critical,3700,2022-12-26,3 repairs in last 5 years
BR-0093,Bridge 93,38,Steel,Fair,5400,2023-06-19,2 repairs in last 5 years
BR-0094,Bridge 94,22,Concrete,Good,2300,2022-12-15,0 repairs in last 5 years
BR-0095,Bridge 95,45,CONCRETE,Good,5000,2023-02-13,7 repairs in last 5 years
BR-0096,Bridge 96,39,Steel,Fair,7600,2023-04-14,3 repairs in last 5 years
BR-0097,Bridge 97,49,Steel,Good,17800,2023-03-06,2 repairs in last 5 years
BR-0098,Bridge 98,34,Steel,Fair,11500,2023-06-11,1 repairs in last 5 years
BR-0099,Bridge 99,58,steel,Poor,10600,2023-02-19,5 repairs in last 5 years
BR-0100,Bridge 100,30,CONCRETE,Good,2900,2023-07-15,1 repairs in last 5 years
BR-0101,Bridge 101,54,CONCRETE,Fair,15400,2022-07-29,7 repairs in last 5 years
BR-0102,Bridge 102,36,Concrete,Fair,10900,2022-10-17,3 repairs in last 5 years
BR-0103,Bridge 103,28,Concrete,Good,9200,2023-04-23,0 repairs in last 5 years
BR-0104,Bridge 104,21,WOOD,Excellent,6300,2023-04-01,4 repairs in last 5 years
BR-0105,Bridge 105,33,Concrete,Fair,12100,2023-02-14,1 repairs in last 5 years
BR-0106,Bridge 106,52,Concrete,Poor,7300,2023-02-23,4 repairs in last 5 years
BR-0107,Bridge 107,44,CONCRETE,Fair,6900,2023-03-21,2 repairs in last 5 years
BR-0108,Bridge 108,43,Concrete,Critical,12700,2023-06-07,1 repairs in last 5 years
BR-0109,Bridge 109,6,STEEL,Good,9000,2022-10-14,0 repairs in last 5 years
BR-0110,Bridge 110,43,Concrete,Fair,4700,2023-04-04,5 repairs in last 5 years
BR-0111,Bridge 111,41,Concrete,Critical,7600,2023-04-02,2 repairs in last 5 years
BR-0112,Bridge 112,28,CONCRETE,Fair,21200,2023-01-29,4 repairs in last 5 years
BR-0113,Bridge 113,27,Concrete,Fair,7900,2023-06-17,4 repairs in last 5 years
BR-0114,Bridge 114,34,Steel,Poor,4700,2023-07-26,0 repairs in last 5 years
BR-0115,Bridge 115,55,Wood,Good,8000,2023-04-02,2 repairs in last 5 years
BR-0116,Bridge 116,22,Steel,Excellent,6000,2023/01/15,2 repairs in last 5 years
BR-0117,Bridge 117,29,Wood,Excellent,8400,2023-07-07,1 repairs in last 5 years
BR-0118,Bridge 118,51,CONCRETE,Fair,6800,2023-06-05,3 repairs in last 5 years
BR-0119,Bridge 119,29,wood,Good,14800,2023-06-09,2 repairs in last 5 years
BR-0120,Bridge 120,30,Concrete,Poor,3700,2023-05-12,5 repairs in last 5 years
BR-0121,Bridge 121,36,WOOD,Fair,11700,2023-01-20,1 repairs in last 5 years
BR-0122,Bridge 122,20,steel,Fair,3400,2023-03-02,1 repairs in last 5 years
BR-0123,Bridge 123,37,Concrete,Critical,11700,2023-09-06,3 repairs in last 5 years
BR-0124,Bridge 124,20,Concrete,Good,17600,2023-09-13,0 repairs in last 5 years
BR-0125,Bridge 125,45,steel,Critical,4700,2023-06-11,0 repairs in last 5 years
BR-0126,Bridge 126,35,Concrete,Good,9500,2023-02-22,3 repairs in last 5 years
BR-0127,Bridge 127,62,STEEL,Fair,5000,2022-09-05,7 repairs in last 5 years
BR-0128,Bridge 128,38,Concrete,Poor,6500,2022-12-25,0 repairs in last 5 years
BR-0129,Bridge 129,51,Concrete,Poor,8500,2022-11-03,3 repairs in last 5 years
BR-0130,Bridge 130,19,Concrete,Good,10800,2023/01/03,1 repairs in last 5 years
BR-0131,Bridge 131,33,WOOD,Fair,3300,2023-07-17,0 repairs in last 5 years
BR-0132,Bridge 132,38,Steel,Excellent,33400,2023-10-23,4 repairs in last 5 years
BR-0133,Bridge 133,55,STEEL,Good,11500,2023-03-24,4 repairs in last 5 years
BR-0134,Bridge 134,14,Concrete,Excellent,9000,2022-09-09,0 repairs in last 5 years
BR-0135,Bridge 135,46,Concrete,Good,6800,2023-09-24,3 repairs in last 5 years
BR-0136,Bridge 136,42,Wood,Poor,25500,2023-01-06,2 repairs in last 5 years
BR-0137,Bridge 137,53,Steel,Fair,3400,25-Jan-2023,5 repairs in last 5 years
BR-0138,Bridge 138,43,Concrete,Critical,23200,30-Jul-2023,3 repairs in last 5 years
BR-0139,Bridge 139,35,Steel,Fair,12500,2023-07-13,3 repairs in last 5 years
BR-0140,Bridge 140,28,Wood,Fair,10500,2023-04-15,0 repairs in last 5 years
BR-0141,Bridge 141,20,Concrete,Good,3000,2023-03-25,1 repairs in last 5 years
BR-0142,Bridge 142,37,Steel,Good,4800,2023-03-23,1 repairs in last 5 years
BR-0143,Bridge 143,32,Steel,Fair,5400,2023-07-21,1 repairs in last 5 years
BR-0144,Bridge 144,59,Steel,Critical,13400,2022-11-29,7 repairs in last 5 years
BR-0145,Bridge 145,27,Steel,Fair,9700,2023-08-11,4 repairs in last 5 years
BR-0146,Bridge 146,38,Concrete,Good,7900,2023-02-19,3 repairs in last 5 years
BR-0147,Bridge 147,16,Steel,Good,9800,2023-01-06,0 repairs in last 5 years
BR-0148,Bridge 148,30,wood,Critical,7700,2023-05-22,3 repairs in last 5 years
BR-0149,Bridge 149,38,WOOD,Poor,15600,2023-10-26,6 repairs in last 5 years
BR-0150,Bridge 150,44,Concrete,Fair,3000,2023-08-24,3 repairs in last 5 years
BR-0151,Bridge 151,52,Steel,Good,2700,2023-07-26,4 repairs in last 5 years
BR-0152,Bridge 152,34,Concrete,Fair,4100,27-May-2023,1 repairs in last 5 years
BR-0153,Bridge 153,21,Steel,Fair,5300,2023-01-01,0 repairs in last 5 years
BR-0154,Bridge 154,40,CONCRETE,Poor,13300,16-Jan-2023,5 repairs in last 5 years
BR-0155,Bridge 155,41,Concrete,Critical,6900,2022-12-19,2 repairs in last 5 years
BR-0156,Bridge 156,40,Concrete,Fair,10500,2022-08-07,1 repairs in last 5 years
BR-0157,Bridge 157,26,Concrete,Fair,13900,2023-11-01,2 repairs in last 5 years
BR-0158,Bridge 158,48,Wood,Fair,4900,2023-09-06,10 repairs in last 5 years
BR-0159,Bridge 159,36,Steel,Fair,24300,2023-02-14,4 repairs in last 5 years
BR-0160,Bridge 160,43,Concrete,Critical,19300,2023-04-01,1 repairs in last 5 years
BR-0161,Bridge 161,50,Concrete,Poor,5100,2023-07-12,5 repairs in last 5 years
BR-0162,Bridge 162,42,Wood,Poor,4400,2023-08-22,2 repairs in last 5 years
BR-0163,Bridge 163,38,wood,Fair,12700,2023-07-18,1 repairs in last 5 years
BR-0164,Bridge 164,60,Concrete,Poor,25300,2023-04-06,4 repairs in last 5 years
BR-0165,Bridge 165,37,WOOD,Poor,3700,2023-03-14,0 repairs in last 5 years
BR-0166,Bridge 166,31,Steel,Good,6400,2023-10-24,0 repairs in last 5 years
BR-0167,Bridge 167,36,STEEL,Fair,9400,2023-06-25,3 repairs in last 5 years
BR-0168,Bridge 168,52,Concrete,Critical,6000,2024-01-19,5 repairs in last 5 years
BR-0169,Bridge 169,36,STEEL,Excellent,9400,2023-08-20,3 repairs in last 5 years
BR-0170,Bridge 170,41,Concrete,Fair,16200,2023-08-03,9 repairs in last 5 years
BR-0171,Bridge 171,49,Steel,Fair,4800,2022-09-06,5 repairs in last 5 years
BR-0172,Bridge 172,28,Concrete,Fair,3100,2023/01/24,1 repairs in last 5 years
BR-0173,Bridge 173,14,Concrete,Excellent,10500,16-Feb-2023,1 repairs in last 5 years
BR-0174,Bridge 174,38,steel,Fair,20400,2023-03-01,4 repairs in last 5 years
BR-0175,Bridge 175,37,Steel,Poor,23100,2023-07-24,4 repairs in last 5 years
BR-0176,Bridge 176,27,Wood,Good,5300,2023-02-27,4 repairs in last 5 years
BR-0177,Bridge 177,45,Concrete,Critical,8400,2023-10-19,3 repairs in last 5 years
BR-0178,Bridge 178,42,steel,Critical,6400,2023-06-21,7 repairs in last 5 years
BR-0179,Bridge 179,23,Steel,Fair,8000,2023-11-23,2 repairs in last 5 years
BR-0180,Bridge 180,41,Concrete,Critical,8000,2022-11-03,2 repairs in last 5 years
BR-0181,Bridge 181,32,Concrete,Poor,29800,2022-11-05,3 repairs in last 5 years
BR-0182,Bridge 182,17,Concrete,Fair,9000,2023-05-05,0 repairs in last 5 years
BR-0183,Bridge 183,40,Steel,Good,17900,2022-11-29,1 repairs in last 5 years
BR-0184,Bridge 184,34,wood,Fair,8200,2022-10-18,5 repairs in last 5 years
BR-0185,Bridge 185,26,STEEL,Fair,8100,2023-03-21,1 repairs in last 5 years
BR-0186,Bridge 186,41,Concrete,Fair,10100,2023-03-14,5 repairs in last 5 years
BR-0187,Bridge 187,40,steel,Critical,8900,2022-12-08,1 repairs in last 5 years
BR-0188,Bridge 188,28,Concrete,Fair,5800,2023-08-25,4 repairs in last 5 years
BR-0189,Bridge 189,39,Concrete,Critical,8200,2023-08-31,3 repairs in last 5 years
BR-0190,Bridge 190,47,wood,Critical,16000,2023-03-28,0 repairs in last 5 years
BR-0191,Bridge 191,26,CONCRETE,Poor,5900,13-Apr-2023,0 repairs in last 5 years
BR-0192,Bridge 192,39,CONCRETE,Poor,23800,2022-12-29,1 repairs in last 5 years
BR-0193,Bridge 193,35,Wood,Fair,37800,2023-04-21,2 repairs in last 5 years
BR-0194,Bridge 194,62,CONCRETE,Fair,7100,2022-12-12,5 repairs in last 5 years
BR-0195,Bridge 195,12,Concrete,Fair,9500,2023-12-11,1 repairs in last 5 years
BR-0196,Bridge 196,43,Steel,Good,21100,2022-08-29,2 repairs in last 5 years
BR-0197,Bridge 197,31,CONCRETE,Fair,10300,2023-01-18,0 repairs in last 5 years
BR-0198,Bridge 198,33,Wood,Fair,21500,2023/02/02,4 repairs in last 5 years
BR-0199,Bridge 199,57,Wood,Good,22900,2023-06-19,4 repairs in last 5 years
BR-0200,Bridge 200,34,steel,Fair,5400,22-Apr-2023,2 repairs in last 5 years
BR-0201,Bridge 201,61,Steel,Poor,12000,2023-08-31,7 repairs in last 5 years
BR-0202,Bridge 202,29,Steel,Poor,6300,2023-09-09,3 repairs in last 5 years
BR-0203,Bridge 203,39,steel,Poor,13500,2023-10-03,2 repairs in last 5 years
BR-0204,Bridge 204,29,Wood,Poor,3600,2023-06-10,0 repairs in last 5 years
BR-0205,Bridge 205,26,wood,Poor,6000,2023-05-20,5 repairs in last 5 years
BR-0206,Bridge 206,35,STEEL,Fair,9000,2023-05-06,2 repairs in last 5 years
BR-0207,Bridge 207,31,Concrete,Good,6100,2023-08-07,2 repairs in last 5 years
BR-0208,Bridge 208,37,Concrete,Critical,10600,2023-06-20,2 repairs in last 5 years
BR-0209,Bridge 209,9,Steel,Fair,4500,2023-05-23,1 repairs in last 5 years
BR-0210,Bridge 210,59,Steel,Fair,4900,2023-02-22,6 repairs in last 5 years
BR-0211,Bridge 211,32,Steel,Excellent,7000,2023-07-12,6 repairs in last 5 years
BR-0212,Bridge 212,55,Concrete,Poor,15200,2022-10-16,2 repairs in last 5 years
BR-0213,Bridge 213,22,Wood,Poor,12400,2023-09-18,1 repairs in last 5 years
BR-0214,Bridge 214,38,Concrete,Poor,5900,2023-07-15,1 repairs in last 5 years
BR-0215,Bridge 215,72,Steel,Good,11000,2023-05-05,1 repairs in last 5 years
BR-0216,Bridge 216,24,Steel,Excellent,4000,2023-05-31,2 repairs in last 5 years
BR-0217,Bridge 217,17,WOOD,Excellent,8200,2023/03/06,2 repairs in last 5 years
BR-0218,Bridge 218,28,Wood,Fair,3500,2023-07-19,2 repairs in last 5 years
BR-0219,Bridge 219,40,Steel,Fair,1900,2023-05-11,3 repairs in last 5 years
BR-0220,Bridge 220,43,Steel,Fair,5400,2022-10-17,1 repairs in last 5 years
BR-0221,Bridge 221,50,wood,Good,8900,2023-05-15,5 repairs in last 5 years
BR-0222,Bridge 222,31,Concrete,Fair,10200,2023-10-25,2 repairs in last 5 years
BR-0223,Bridge 223,15,steel,Fair,9700,2023-04-15,2 repairs in last 5 years
BR-0224,Bridge 224,29,Concrete,Good,11400,2023-07-28,1 repairs in last 5 years
BR-0225,Bridge 225,49,Concrete,Fair,7100,2022-05-30,7 repairs in last 5 years
BR-0226,Bridge 226,40,Concrete,Poor,3000,2023-02-20,6 repairs in last 5 years
BR-0227,Bridge 227,11,Concrete,Fair,30200,2023-01-23,0 repairs in last 5 years
BR-0228,Bridge 228,34,Steel,Poor,3400,2023-11-24,2 repairs in last 5 years
BR-0229,Bridge 229,51,Concrete,Critical,4700,2023-09-10,4 repairs in last 5 years
BR-0230,Bridge 230,60,steel,Poor,10300,2023-01-04,4 repairs in last 5 years
BR-0231,Bridge 231,41,WOOD,Critical,8600,2023/11/22,0 repairs in last 5 years
BR-0232,Bridge 232,38,Concrete,Critical,2900,2023-08-19,6 repairs in last 5 years
BR-0233,Bridge 233,20,wood,Fair,1200,2023-03-09,2 repairs in last 5 years
BR-0234,Bridge 234,24,Concrete,Fair,5600,2023-03-15,0 repairs in last 5 years
BR-0235,Bridge 235,35,CONCRETE,Excellent,3100,2023-05-07,1 repairs in last 5 years
BR-0236,Bridge 236,41,Steel,Poor,17600,2023-11-19,3 repairs in last 5 years
BR-0237,Bridge 237,41,Steel,Good,6200,09-Jun-2023,1 repairs in last 5 years
BR-0238,Bridge 238,29,Steel,Fair,4600,10-Sep-2023,1 repairs in last 5 years
BR-0239,Bridge 239,21,Steel,Excellent,16200,2023-07-19,2 repairs in last 5 years
BR-0240,Bridge 240,25,wood,Fair,5300,2023-02-21,2 repairs in last 5 years
BR-0241,Bridge 241,21,CONCRETE,Good,7600,2023-01-02,2 repairs in last 5 years
BR-0242,Bridge 242,42,Steel,Poor,23000,2023-02-07,1 repairs in last 5 years
BR-0243,Bridge 243,7,Wood,Good,5200,2023-09-14,0 repairs in last 5 years
BR-0244,Bridge 244,31,Steel,Fair,6100,2023-08-22,3 repairs in last 5 years
BR-0245,Bridge 245,40,steel,Fair,2600,2023-04-03,1 repairs in last 5 years
BR-0246,Bridge 246,53,Concrete,Fair,24500,2023-07-29,7 repairs in last 5 years
BR-0247,Bridge 247,35,Wood,Critical,6600,2023-06-12,4 repairs in last 5 years
BR-0248,Bridge 248,47,Concrete,Good,5400,2023-07-21,5 repairs in last 5 years
BR-0249,Bridge 249,30,Concrete,Fair,8400,2023-10-29,3 repairs in last 5 years
BR-0250,Bridge 250,26,CONCRETE,Poor,3600,2023-05-25,1 repairs in last 5 years
BR-0251,Bridge 251,26,Concrete,Fair,6600,17-Apr-2023,3 repairs in last 5 years
BR-0252,Bridge 252,53,Concrete,Fair,5000,2023-05-01,0 repairs in last 5 years
BR-0253,Bridge 253,46,steel,Poor,11600,2023-06-16,7 repairs in last 5 years
BR-0254,Bridge 254,40,steel,Fair,13700,2023-08-13,3 repairs in last 5 years
BR-0255,Bridge 255,74,WOOD,Poor,11800,11/21/2022,5 repairs in last 5 years
BR-0256,Bridge 256,34,Concrete,Poor,9000,2023-03-28,3 repairs in last 5 years
BR-0257,Bridge 257,42,Steel,Critical,7500,09/01/2023,5 repairs in last 5 years
BR-0258,Bridge 258,38,Concrete,Poor,6700,2023-09-23,0 repairs in last 5 years
BR-0259,Bridge 259,32,Concrete,Poor,7700,2023-04-17,2 repairs in last 5 years
BR-0260,Bridge 260,62,Steel,Poor,12400,2023-10-22,5 repairs in last 5 years
BR-0261,Bridge 261,53,steel,Critical,7200,2023-03-05,4 repairs in last 5 years
BR-0262,Bridge 262,18,Wood,Fair,10100,2023-03-14,2 repairs in last 5 years
BR-0263,Bridge 263,30,Wood,Good,5600,2023-01-05,1 repairs in last 5 years
BR-0264,Bridge 264,40,CONCRETE,Poor,5500,2023-03-03,4 repairs in last 5 years
BR-0265,Bridge 265,44,Concrete,Poor,6600,2023-07-05,2 repairs in last 5 years
BR-0266,Bridge 266,18,Concrete,Excellent,4300,2023-10-16,0 repairs in last 5 years
BR-0267,Bridge 267,7,Wood,Poor,5000,14-Apr-2023,0 repairs in last 5 years
BR-0268,Bridge 268,12,STEEL,Excellent,18600,2023-08-05,1 repairs in last 5 years
BR-0269,Bridge 269,34,Steel,Good,15900,2022-07-28,2 repairs in last 5 years
BR-0270,Bridge 270,33,steel,Fair,12700,2023-01-12,0 repairs in last 5 years
BR-0271,Bridge 271,39,Concrete,Fair,8800,2024-02-02,3 repairs in last 5 years
BR-0272,Bridge 272,25,CONCRETE,Good,19000,2023-04-18,0 repairs in last 5 years
BR-0273,Bridge 273,20,Steel,Poor,7000,2023-07-08,3 repairs in last 5 years
BR-0274,Bridge 274,10,Steel,Critical,6300,2023-04-29,1 repairs in last 5 years
BR-0275,Bridge 275,38,steel,Fair,9200,2023-10-14,2 repairs in last 5 years
BR-0276,Bridge 276,39,STEEL,Critical,2400,2023-11-26,2 repairs in last 5 years
BR-0277,Bridge 277,46,steel,Fair,2100,2022-11-09,2 repairs in last 5 years
BR-0278,Bridge 278,44,wood,Poor,3100,09-Feb-2023,5 repairs in last 5 years
BR-0279,Bridge 279,32,Steel,Good,12400,2023-01-21,3 repairs in last 5 years
BR-0280,Bridge 280,51,WOOD,Poor,13200,2022-12-15,8 repairs in last 5 years
BR-0281,Bridge 281,33,steel,Poor,23200,2023-05-22,1 repairs in last 5 years
BR-0282,Bridge 282,27,STEEL,Fair,8700,2022-10-29,2 repairs in last 5 years
BR-0283,Bridge 283,28,Concrete,Good,8000,2024-02-10,4 repairs in last 5 years
BR-0284,Bridge 284,27,Steel,Fair,8000,2023-05-30,4 repairs in last 5 years
BR-0285,Bridge 285,9,Steel,Good,5600,2023-01-06,0 repairs in last 5 years
BR-0286,Bridge 286,36,Concrete,Fair,8300,2023-10-23,2 repairs in last 5 years
BR-0287,Bridge 287,37,wood,Critical,13800,2022-07-09,0 repairs in last 5 years
BR-0288,Bridge 288,30,Concrete,Critical,2100,2023-04-26,2 repairs in last 5 years
BR-0289,Bridge 289,26,Steel,Poor,23700,2024-01-13,0 repairs in last 5 years
BR-0290,Bridge 290,39,Steel,Poor,7100,2023-08-26,2 repairs in last 5 years
BR-0291,Bridge 291,55,Concrete,Fair,6300,2023-09-17,0 repairs in last 5 years
BR-0292,Bridge 292,35,Concrete,Good,9700,2023/01/23,4 repairs in last 5 years
BR-0293,Bridge 293,28,WOOD,Excellent,4000,2023-01-06,4 repairs in last 5 years
BR-0294,Bridge 294,27,steel,Fair,5000,2023-02-27,3 repairs in last 5 years
BR-0295,Bridge 295,34,Concrete,Poor,10100,2023-04-17,1 repairs in last 5 years
BR-0296,Bridge 296,19,Concrete,Good,17300,2023-04-02,1 repairs in last 5 years
BR-0297,Bridge 297,33,Wood,Fair,4100,2023-07-27,5 repairs in last 5 years
BR-0298,Bridge 298,35,Concrete,Critical,11200,2023-12-29,4 repairs in last 5 years
BR-0299,Bridge 299,57,Steel,Fair,14700,2022-12-07,6 repairs in last 5 years
BR-0300,Bridge 300,46,Concrete,Critical,16600,02/05/2023,3 repairs in last 5 years
BR-0301,Bridge 301,47,WOOD,Fair,5800,2022-03-31,2 repairs in last 5 years
BR-0302,Bridge 302,26,Steel,Critical,4400,2023-02-28,0 repairs in last 5 years
BR-0303,Bridge 303,43,Concrete,Critical,5200,2023-03-18,3 repairs in last 5 years
BR-0304,Bridge 304,21,Steel,Fair,8000,2023-10-16,1 repairs in last 5 years
BR-0305,Bridge 305,38,Concrete,Good,8500,2023/01/04,1 repairs in last 5 years
BR-0306,Bridge 306,40,Steel,Fair,6900,2024-02-16,2 repairs in last 5 years
BR-0307,Bridge 307,25,Concrete,Excellent,13300,2023-07-10,0 repairs in last 5 years
BR-0308,Bridge 308,58,Concrete,Fair,13400,2023-03-17,8 repairs in last 5 years
BR-0309,Bridge 309,41,Concrete,Critical,5000,2022-09-19,5 repairs in last 5 years
BR-0310,Bridge 310,12,Concrete,Fair,13000,2023-07-31,0 repairs in last 5 years
BR-0311,Bridge 311,41,Concrete,Good,2800,2023-04-28,5 repairs in last 5 years
BR-0312,Bridge 312,30,WOOD,Good,10100,2023-03-17,3 repairs in last 5 years
BR-0313,Bridge 313,35,Wood,Critical,5500,2022-08-16,3 repairs in last 5 years
BR-0314,Bridge 314,40,Concrete,Fair,16800,2023-04-01,0 repairs in last 5 years
BR-0315,Bridge 315,39,STEEL,Poor,11100,2023-05-15,4 repairs in last 5 years
BR-0316,Bridge 316,10,Steel,Excellent,6000,2023-05-19,0 repairs in last 5 years
BR-0317,Bridge 317,21,Concrete,Fair,2700,2023-04-09,2 repairs in last 5 years
BR-0318,Bridge 318,44,Steel,Poor,12200,2023-06-21,2 repairs in last 5 years
BR-0319,Bridge 319,50,Concrete,Fair,6300,10/11/2022,1 repairs in last 5 years
BR-0320,Bridge 320,57,Steel,Fair,4300,02/05/2023,1 repairs in last 5 years
BR-0321,Bridge 321,56,Concrete,Critical,9200,2023-11-15,1 repairs in last 5 years
BR-0322,Bridge 322,10,Concrete,Good,6400,2023-01-24,1 repairs in last 5 years
BR-0323,Bridge 323,44,Wood,Fair,13500,2023-09-27,2 repairs in last 5 years
BR-0324,Bridge 324,12,Concrete,Poor,6500,07/14/2022,1 repairs in last 5 years
BR-0325,Bridge 325,54,Steel,Poor,9700,2023-04-18,3 repairs in last 5 years
BR-0326,Bridge 326,38,Concrete,Poor,8500,10/10/2023,4 repairs in last 5 years
BR-0327,Bridge 327,21,Steel,Good,15200,2023-04-29,2 repairs in last 5 years
BR-0328,Bridge 328,59,Steel,Good,7500,2023-07-14,4 repairs in last 5 years
BR-0329,Bridge 329,42,Concrete,Good,7700,26-Apr-2023,2 repairs in last 5 years
BR-0330,Bridge 330,12,CONCRETE,Fair,6200,2022-11-25,1 repairs in last 5 years
BR-0331,Bridge 331,38,Concrete,Poor,17600,12/16/2022,2 repairs in last 5 years
BR-0332,Bridge 332,26,Concrete,Fair,4200,2023-04-19,2 repairs in last 5 years
BR-0333,Bridge 333,36,Steel,Good,34700,2023-06-15,1 repairs in last 5 years
BR-0334,Bridge 334,29,Concrete,Good,9900,2023-10-05,2 repairs in last 5 years
BR-0335,Bridge 335,51,steel,Good,6700,03/28/2023,4 repairs in last 5 years
BR-0336,Bridge 336,17,wood,Fair,16600,2023-09-11,0 repairs in last 5 years
BR-0337,Bridge 337,38,Concrete,Critical,17100,2023-09-02,2 repairs in last 5 years
BR-0338,Bridge 338,56,Steel,Poor,12600,2023-05-20,4 repairs in last 5 years
BR-0339,Bridge 339,25,Concrete,Good,13100,2023-02-18,0 repairs in last 5 years
BR-0340,Bridge 340,37,wood,Poor,4100,2023-04-15,0 repairs in last 5 years
BR-0341,Bridge 341,37,Steel,Good,19700,2023-09-26,3 repairs in last 5 years
BR-0342,Bridge 342,26,Steel,Excellent,12800,09/30/2023,2 repairs in last 5 years
BR-0343,Bridge 343,42,Concrete,Good,3900,2022-12-28,4 repairs in last 5 years
BR-0344,Bridge 344,36,Wood,Fair,6900,2022-06-07,5 repairs in last 5 years
BR-0345,Bridge 345,23,Steel,Good,5200,2022-09-15,0 repairs in last 5 years
BR-0346,Bridge 346,56,Concrete,Poor,10500,2024-01-26,4 repairs in last 5 years
BR-0347,Bridge 347,44,Concrete,Poor,7000,2023-06-29,2 repairs in last 5 years
BR-0348,Bridge 348,32,Steel,Excellent,3300,2023-06-30,2 repairs in last 5 years
BR-0349,Bridge 349,27,wood,Fair,22000,2023-09-04,2 repairs in last 5 years
BR-0350,Bridge 350,25,Concrete,Fair,4500,2024-02-16,0 repairs in last 5 years
BR-0351,Bridge 351,49,Concrete,Good,8500,2023-05-20,1 repairs in last 5 years
BR-0352,Bridge 352,33,WOOD,Excellent,6900,2023-06-03,0 repairs in last 5 years
BR-0353,Bridge 353,40,Wood,Critical,7800,2023-08-10,1 repairs in last 5 years
BR-0354,Bridge 354,32,Steel,Fair,4200,2023-03-20,2 repairs in last 5 years
BR-0355,Bridge 355,42,steel,Critical,3100,2022-10-25,3 repairs in last 5 years
BR-0356,Bridge 356,33,Steel,Good,9900,2023-03-11,3 repairs in last 5 years
BR-0357,Bridge 357,44,Steel,Fair,14700,04/02/2023,2 repairs in last 5 years
BR-0358,Bridge 358,32,steel,Poor,2800,2023-09-14,2 repairs in last 5 years
BR-0359,Bridge 359,44,steel,Critical,6100,2023-07-31,3 repairs in last 5 years
BR-0360,Bridge 360,43,Steel,Critical,7800,2023-06-30,1 repairs in last 5 years
BR-0361,Bridge 361,33,CONCRETE,Critical,5700,2023-08-06,2 repairs in last 5 years
BR-0362,Bridge 362,24,Steel,Good,5300,29-Oct-2022,2 repairs in last 5 years
BR-0363,Bridge 363,23,wood,Good,9700,2023-02-12,1 repairs in last 5 years
BR-0364,Bridge 364,26,wood,Fair,22700,2023-07-26,5 repairs in last 5 years
BR-0365,Bridge 365,23,Wood,Excellent,8200,09-Jan-2024,1 repairs in last 5 years
BR-0366,Bridge 366,45,Steel,Critical,5400,2023-04-08,4 repairs in last 5 years
BR-0367,Bridge 367,34,Steel,Critical,12800,2023-08-03,1 repairs in last 5 years
BR-0368,Bridge 368,53,WOOD,Fair,4600,2023-01-28,2 repairs in last 5 years
BR-0369,Bridge 369,62,CONCRETE,Fair,10800,2023-05-16,6 repairs in last 5 years
BR-0370,Bridge 370,35,Concrete,Good,15800,2023-01-15,2 repairs in last 5 years
BR-0371,Bridge 371,16,Concrete,Fair,9500,2023-01-20,0 repairs in last 5 years
BR-0372,Bridge 372,30,wood,Excellent,3700,2023-02-05,1 repairs in last 5 years
BR-0373,Bridge 373,34,Concrete,Critical,9100,2023-04-14,6 repairs in last 5 years
BR-0374,Bridge 374,17,wood,Fair,20300,2023-01-24,1 repairs in last 5 years
BR-0375,Bridge 375,31,Concrete,Excellent,6700,2022-08-26,1 repairs in last 5 years
BR-0376,Bridge 376,38,Concrete,Poor,10600,2023-07-18,0 repairs in last 5 years
BR-0377,Bridge 377,29,Wood,Fair,7000,2023-04-17,1 repairs in last 5 years
BR-0378,Bridge 378,25,Concrete,Good,50000,2022-12-31,1 repairs in last 5 years
BR-0379,Bridge 379,25,Wood,Fair,22900,2023-04-04,2 repairs in last 5 years
BR-0380,Bridge 380,56,CONCRETE,Critical,10400,21-Dec-2022,3 repairs in last 5 years
BR-0381,Bridge 381,33,CONCRETE,Poor,7300,2023-05-10,3 repairs in last 5 years
BR-0382,Bridge 382,25,Concrete,Poor,28000,2023-07-31,3 repairs in last 5 years
BR-0383,Bridge 383,30,Wood,Critical,11800,2022-12-29,2 repairs in last 5 years
BR-0384,Bridge 384,46,Concrete,Good,12700,2023-08-11,2 repairs in last 5 years
BR-0385,Bridge 385,26,Steel,Poor,7100,2022-05-12,1 repairs in last 5 years
BR-0386,Bridge 386,40,Concrete,Critical,6500,2023-01-21,2 repairs in last 5 years
BR-0387,Bridge 387,43,Steel,Good,7200,2023-08-18,1 repairs in last 5 years
BR-0388,Bridge 388,43,Concrete,Fair,14000,2023-03-09,5 repairs in last 5 years
BR-0389,Bridge 389,51,Concrete,Critical,3500,2023-01-08,6 repairs in last 5 years
BR-0390,Bridge 390,28,Wood,Poor,23500,2023-02-10,2 repairs in last 5 years
BR-0391,Bridge 391,48,STEEL,Good,5600,2023-07-12,6 repairs in last 5 years
BR-0392,Bridge 392,25,STEEL,Poor,9500,2023-03-17,2 repairs in last 5 years
BR-0393,Bridge 393,30,CONCRETE,Critical,13400,2023-04-11,3 repairs in last 5 years
BR-0394,Bridge 394,49,Steel,Good,6300,2023-05-03,3 repairs in last 5 years
BR-0395,Bridge 395,44,Concrete,Critical,10900,2023-09-30,2 repairs in last 5 years
BR-0396,Bridge 396,35,Concrete,Fair,15700,2023-03-24,2 repairs in last 5 years
BR-0397,Bridge 397,20,Steel,Fair,5200,2023-07-05,2 repairs in last 5 years
BR-0398,Bridge 398,41,STEEL,Poor,7100,2023-04-18,4 repairs in last 5 years
BR-0399,Bridge 399,27,Concrete,Good,13300,2023-01-06,3 repairs in last 5 years
BR-0400,Bridge 400,23,Concrete,Poor,2500,2023-09-01,1 repairs in last 5 years
BR-0401,Bridge 401,27,Steel,Poor,4300,2023-09-17,1 repairs in last 5 years
BR-0402,Bridge 402,37,Steel,Critical,11600,2023-01-01,4 repairs in last 5 years
BR-0403,Bridge 403,9,Concrete,Poor,13000,2023-04-29,0 repairs in last 5 years
BR-0404,Bridge 404,39,STEEL,Critical,2200,2023-11-04,0 repairs in last 5 years
BR-0405,Bridge 405,37,Steel,Fair,11200,2023-03-15,2 repairs in last 5 years
BR-0406,Bridge 406,27,Wood,Poor,10700,2022-11-08,2 repairs in last 5 years
BR-0407,Bridge 407,47,Steel,Good,4200,2022-12-22,1 repairs in last 5 years
BR-0408,Bridge 408,42,CONCRETE,Good,11600,2023-07-01,2 repairs in last 5 years
BR-0409,Bridge 409,27,CONCRETE,Good,12600,2023-01-11,2 repairs in last 5 years
BR-0410,Bridge 410,26,Concrete,Fair,5700,2023/03/26,4 repairs in last 5 years
BR-0411,Bridge 411,43,Concrete,Poor,16000,02/22/2023,2 repairs in last 5 years
BR-0412,Bridge 412,16,Concrete,Excellent,20000,2022/12/17,3 repairs in last 5 years
BR-0413,Bridge 413,31,Concrete,Critical,18000,2023-04-28,1 repairs in last 5 years
BR-0414,Bridge 414,27,Concrete,Good,14900,2023-03-05,1 repairs in last 5 years
BR-0415,Bridge 415,35,WOOD,Good,6500,2024-01-23,1 repairs in last 5 years
BR-0416,Bridge 416,37,Steel,Fair,12300,2023-09-26,1 repairs in last 5 years
BR-0417,Bridge 417,35,Concrete,Poor,4800,2023-04-15,1 repairs in last 5 years
BR-0418,Bridge 418,48,Concrete,Poor,17400,2023-01-12,5 repairs in last 5 years
BR-0419,Bridge 419,37,Wood,Fair,7600,2023-05-10,1 repairs in last 5 years
BR-0420,Bridge 420,31,Steel,Fair,22100,2023-03-21,1 repairs in last 5 years
BR-0421,Bridge 421,20,Concrete,Poor,7800,2023-07-02,0 repairs in last 5 years
BR-0422,Bridge 422,43,CONCRETE,Critical,3200,2023-05-13,2 repairs in last 5 years
BR-0423,Bridge 423,41,Concrete,Good,11100,2023-08-08,1 repairs in last 5 years
BR-0424,Bridge 424,52,Concrete,Critical,13800,2023-05-23,5 repairs in last 5 years
BR-0425,Bridge 425,26,Steel,Fair,10900,2022-10-09,0 repairs in last 5 years
BR-0426,Bridge 426,35,Steel,Fair,11100,15-Jul-2023,3 repairs in last 5 years
BR-0427,Bridge 427,34,Concrete,Good,7100,2023-01-21,4 repairs in last 5 years
BR-0428,Bridge 428,33,Steel,Good,4900,2023-03-01,1 repairs in last 5 years
BR-0429,Bridge 429,35,Concrete,Poor,3800,02/28/2023,1 repairs in last 5 years
BR-0430,Bridge 430,14,WOOD,Excellent,12300,2023-03-30,1 repairs in last 5 years
BR-0431,Bridge 431,44,Steel,Fair,13100,2023-01-20,2 repairs in last 5 years
BR-0432,Bridge 432,42,Concrete,Good,3400,2023-08-13,2 repairs in last 5 years
BR-0433,Bridge 433,48,Wood,Poor,6700,2022/12/06,2 repairs in last 5 years
BR-0434,Bridge 434,61,Steel,Fair,6000,2023-05-31,4 repairs in last 5 years
BR-0435,Bridge 435,31,Steel,Fair,6000,2023-05-04,3 repairs in last 5 years
BR-0436,Bridge 436,34,steel,Good,14400,05/27/2023,3 repairs in last 5 years
BR-0437,Bridge 437,35,WOOD,Poor,1800,2023-02-18,2 repairs in last 5 years
BR-0438,Bridge 438,58,Concrete,Fair,17600,2023-09-05,5 repairs in last 5 years
BR-0439,Bridge 439,14,Concrete,Excellent,15400,2023-08-28,0 repairs in last 5 years
BR-0440,Bridge 440,40,Concrete,Poor,16600,2023-10-25,5 repairs in last 5 years
BR-0441,Bridge 441,17,Concrete,Good,2900,2023-09-28,0 repairs in last 5 years
BR-0442,Bridge 442,4,CONCRETE,Fair,9000,2023-05-31,0 repairs in last 5 years
BR-0443,Bridge 443,10,Steel,Good,5400,2023-02-09,1 repairs in last 5 years
BR-0444,Bridge 444,18,Concrete,Good,4700,2023-07-03,2 repairs in last 5 years
BR-0445,Bridge 445,47,Concrete,Poor,13100,2023-07-10,2 repairs in last 5 years
BR-0446,Bridge 446,24,STEEL,Fair,7000,2023/02/20,1 repairs in last 5 years
BR-0447,Bridge 447,32,Concrete,Good,8800,2023-07-11,2 repairs in last 5 years
BR-0448,Bridge 448,21,Concrete,Excellent,2500,2023-04-13,3 repairs in last 5 years
BR-0449,Bridge 449,42,wood,Poor,9800,2023-07-12,4 repairs in last 5 years
BR-0450,Bridge 450,21,Concrete,Poor,13200,2022-06-22,1 repairs in last 5 years
BR-0451,Bridge 451,50,Wood,Poor,4400,2023-06-06,5 repairs in last 5 years
BR-0452,Bridge 452,23,CONCRETE,Poor,4800,2023/07/01,1 repairs in last 5 years
BR-0453,Bridge 453,25,Steel,Good,5300,2023-08-26,0 repairs in last 5 years
BR-0454,Bridge 454,36,Wood,Critical,8300,2023-06-30,1 repairs in last 5 years
BR-0455,Bridge 455,35,Wood,Fair,10900,2023-06-19,3 repairs in last 5 years
BR-0456,Bridge 456,52,STEEL,Poor,3100,21-Oct-2023,2 repairs in last 5 years
BR-0457,Bridge 457,36,Steel,Fair,22900,2023-07-11,1 repairs in last 5 years
BR-0458,Bridge 458,20,Concrete,Excellent,8400,2023-05-20,1 repairs in last 5 years
BR-0459,Bridge 459,28,Steel,Good,4600,27-Aug-2023,2 repairs in last 5 years
BR-0460,Bridge 460,28,Concrete,Fair,5400,2023-02-12,2 repairs in last 5 years
BR-0461,Bridge 461,43,Wood,Good,4900,2022-11-06,4 repairs in last 5 years
BR-0462,Bridge 462,39,Concrete,Good,4100,2022-08-11,4 repairs in last 5 years
BR-0463,Bridge 463,33,STEEL,Good,12700,2023-07-02,3 repairs in last 5 years
BR-0464,Bridge 464,45,steel,Poor,10600,2023-07-22,3 repairs in last 5 years
BR-0465,Bridge 465,28,WOOD,Good,23700,2023-04-22,1 repairs in last 5 years
BR-0466,Bridge 466,33,Wood,Critical,4700,2024-04-01,2 repairs in last 5 years
BR-0467,Bridge 467,37,CONCRETE,Good,6800,2023-06-08,4 repairs in last 5 years
BR-0468,Bridge 468,53,Steel,Excellent,12000,26-Jan-2024,5 repairs in last 5 years
BR-0469,Bridge 469,33,Concrete,Good,5500,2023-03-10,2 repairs in last 5 years
BR-0470,Bridge 470,30,Steel,Good,17200,2023-06-10,2 repairs in last 5 years
BR-0471,Bridge 471,22,Concrete,Excellent,4400,2023-11-06,0 repairs in last 5 years
BR-0472,Bridge 472,43,Wood,Fair,12900,2022-12-20,4 repairs in last 5 years
BR-0473,Bridge 473,27,Steel,Poor,10100,2023-07-03,2 repairs in last 5 years
BR-0474,Bridge 474,39,Concrete,Fair,6600,2023-06-21,2 repairs in last 5 years
BR-0475,Bridge 475,12,STEEL,Poor,4100,24-Apr-2023,3 repairs in last 5 years
BR-0476,Bridge 476,47,Wood,Fair,4300,2023-07-20,3 repairs in last 5 years
BR-0477,Bridge 477,19,Wood,Good,4200,2022-06-21,1 repairs in last 5 years
BR-0478,Bridge 478,25,Wood,Fair,17800,2023-07-28,2 repairs in last 5 years
BR-0479,Bridge 479,47,Concrete,Poor,9700,2023/08/25,4 repairs in last 5 years
BR-0480,Bridge 480,18,Steel,Good,5700,2023-07-28,1 repairs in last 5 years
BR-0481,Bridge 481,34,CONCRETE,Excellent,10100,2023-05-29,1 repairs in last 5 years
BR-0482,Bridge 482,35,WOOD,Good,10100,2023/09/03,4 repairs in last 5 years
BR-0483,Bridge 483,23,Steel,Fair,4900,2023-11-15,1 repairs in last 5 years
BR-0484,Bridge 484,51,steel,Fair,3800,10-Aug-2022,2 repairs in last 5 years
BR-0485,Bridge 485,52,Concrete,Poor,3400,2023-05-09,2 repairs in last 5 years
BR-0486,Bridge 486,11,Concrete,Excellent,4400,2023-09-04,0 repairs in last 5 years
BR-0487,Bridge 487,17,Wood,Excellent,10300,2023-06-07,1 repairs in last 5 years
BR-0488,Bridge 488,44,Concrete,Poor,4800,2024-01-11,1 repairs in last 5 years
BR-0489,Bridge 489,19,Steel,Excellent,14200,2023/02/09,2 repairs in last 5 years
BR-0490,Bridge 490,30,Wood,Fair,15700,2023-09-19,1 repairs in last 5 years
BR-0491,Bridge 491,36,Wood,Fair,3700,07-Sep-2022,0 repairs in last 5 years
BR-0492,Bridge 492,43,WOOD,Good,9600,18-Jan-2024,4 repairs in last 5 years
BR-0493,Bridge 493,32,Wood,Fair,6600,2023-07-03,1 repairs in last 5 years
BR-0494,Bridge 494,36,Concrete,Poor,10700,2023-07-15,2 repairs in last 5 years
BR-0495,Bridge 495,25,Steel,Fair,5300,2023-12-31,1 repairs in last 5 years
BR-0496,Bridge 496,50,Wood,Critical,3200,2023-08-21,1 repairs in last 5 years
BR-0497,Bridge 497,29,Wood,Critical,16700,2023-06-06,2 repairs in last 5 years
BR-0498,Bridge 498,39,Concrete,Critical,4400,2022-12-18,2 repairs in last 5 years
BR-0499,Bridge 499,28,Concrete,Fair,7200,2023-08-31,2 repairs in last 5 years
BR-0500,Bridge 500,36,Concrete,Poor,10200,2023-07-13,2 repairs in last 5 years
BR-0501,Bridge 501,32,Steel,Good,14300,2023-04-15,1 repairs in last 5 years
BR-0502,Bridge 502,33,Concrete,Poor,5200,2023-07-09,2 repairs in last 5 years
BR-0503,Bridge 503,22,STEEL,Excellent,5100,2023-06-12,1 repairs in last 5 years
BR-0504,Bridge 504,44,Steel,Poor,10000,2023-06-18,0 repairs in last 5 years
BR-0505,Bridge 505,51,Steel,Critical,5400,2023-01-10,3 repairs in last 5 years
BR-0506,Bridge 506,37,Concrete,Critical,18000,2022/09/08,1 repairs in last 5 years
BR-0507,Bridge 507,43,wood,Fair,2800,2024-03-16,1 repairs in last 5 years
BR-0508,Bridge 508,45,Concrete,Fair,6600,2023-04-19,5 repairs in last 5 years
BR-0509,Bridge 509,46,Steel,Poor,22500,2023-09-07,2 repairs in last 5 years
BR-0510,Bridge 510,38,steel,Good,4000,2023-04-17,2 repairs in last 5 years
BR-0511,Bridge 511,37,Steel,Good,12100,2022-09-26,2 repairs in last 5 years
BR-0512,Bridge 512,45,Steel,Critical,6900,2023-06-07,1 repairs in last 5 years
BR-0513,Bridge 513,35,Steel,Good,8000,2023-01-30,1 repairs in last 5 years
BR-0514,Bridge 514,23,STEEL,Good,15900,22-Apr-2023,1 repairs in last 5 years
BR-0515,Bridge 515,35,Steel,Good,9000,2023-03-17,1 repairs in last 5 years
BR-0516,Bridge 516,12,Concrete,Good,3600,2023-06-16,0 repairs in last 5 years
BR-0517,Bridge 517,34,wood,Poor,10600,2023-12-20,2 repairs in last 5 years
BR-0518,Bridge 518,39,Concrete,Poor,6000,2022-12-25,2 repairs in last 5 years
BR-0519,Bridge 519,49,WOOD,Fair,17900,2024-02-03,4 repairs in last 5 years
BR-0520,Bridge 520,36,Concrete,Fair,19600,2023-06-24,1 repairs in last 5 years
BR-0521,Bridge 521,46,Steel,Poor,4200,2023-04-11,4 repairs in last 5 years
BR-0522,Bridge 522,34,Wood,Fair,18300,2023-03-15,3 repairs in last 5 years
BR-0523,Bridge 523,22,Concrete,Poor,4000,2022-11-27,3 repairs in last 5 years
BR-0524,Bridge 524,18,wood,Good,29300,2023-10-11,0 repairs in last 5 years
BR-0525,Bridge 525,23,CONCRETE,Fair,3500,2023/07/14,2 repairs in last 5 years
BR-0526,Bridge 526,18,Steel,Good,5800,2023-10-18,0 repairs in last 5 years
BR-0527,Bridge 527,42,CONCRETE,Critical,8200,2022-12-09,5 repairs in last 5 years
BR-0528,Bridge 528,32,Concrete,Poor,6500,2023-04-21,3 repairs in last 5 years
BR-0529,Bridge 529,41,Steel,Critical,6000,09/21/2023,3 repairs in last 5 years
BR-0530,Bridge 530,35,Steel,Good,10000,2022-09-22,1 repairs in last 5 years
BR-0531,Bridge 531,47,Steel,Critical,5700,2023-01-18,4 repairs in last 5 years
BR-0532,Bridge 532,47,Wood,Fair,13200,2023-11-05,2 repairs in last 5 years
BR-0533,Bridge 533,27,wood,Fair,8200,2022-09-23,1 repairs in last 5 years
BR-0534,Bridge 534,31,CONCRETE,Poor,2600,2023-07-10,7 repairs in last 5 years
BR-0535,Bridge 535,28,Steel,Fair,2300,2023-03-23,4 repairs in last 5 years
BR-0536,Bridge 536,15,WOOD,Poor,4900,08/28/2023,2 repairs in last 5 years
BR-0537,Bridge 537,43,Concrete,Critical,1600,2023-01-01,4 repairs in last 5 years
BR-0538,Bridge 538,49,Steel,Good,10700,2023-07-05,0 repairs in last 5 years
BR-0539,Bridge 539,34,Concrete,Fair,11600,2023-01-19,3 repairs in last 5 years
BR-0540,Bridge 540,29,Concrete,Fair,8800,2023-12-18,6 repairs in last 5 years
BR-0541,Bridge 541,48,Wood,Poor,34700,2023-08-14,6 repairs in last 5 years
BR-0542,Bridge 542,6,WOOD,Fair,4200,2022-11-25,1 repairs in last 5 years
BR-0543,Bridge 543,37,steel,Fair,16500,2023-03-22,1 repairs in last 5 years
BR-0544,Bridge 544,36,Concrete,Good,5200,06/24/2023,3 repairs in last 5 years
BR-0545,Bridge 545,28,CONCRETE,Critical,14200,2022-12-28,1 repairs in last 5 years
BR-0546,Bridge 546,51,steel,Poor,15000,2023-05-17,2 repairs in last 5 years
BR-0547,Bridge 547,46,wood,Good,9100,2023-04-01,3 repairs in last 5 years
BR-0548,Bridge 548,31,wood,Excellent,6200,2023-11-18,2 repairs in last 5 years
BR-0549,Bridge 549,33,Concrete,Poor,10200,2024/01/15,2 repairs in last 5 years
BR-0550,Bridge 550,30,steel,Fair,4000,2023-03-13,3 repairs in last 5 years
BR-0551,Bridge 551,28,Concrete,Critical,6400,2023-04-27,1 repairs in last 5 years
BR-0552,Bridge 552,19,steel,Good,8600,2023-11-28,0 repairs in last 5 years
BR-0553,Bridge 553,51,steel,Fair,9100,2023-03-01,5 repairs in last 5 years
BR-0554,Bridge 554,47,Concrete,Poor,4400,2023/06/16,3 repairs in last 5 years
BR-0555,Bridge 555,44,Steel,Poor,5300,2023-01-17,6 repairs in last 5 years
BR-0556,Bridge 556,21,Concrete,Excellent,6600,2023-06-07,1 repairs in last 5 years
BR-0557,Bridge 557,59,Wood,Good,25700,2023-05-14,3 repairs in last 5 years
BR-0558,Bridge 558,58,Concrete,Fair,11200,2023-07-30,6 repairs in last 5 years
BR-0559,Bridge 559,37,Concrete,Critical,9100,2023-11-06,0 repairs in last 5 years
BR-0560,Bridge 560,24,Concrete,Fair,12400,2023-06-06,0 repairs in last 5 years
BR-0561,Bridge 561,24,wood,Good,5600,2023-05-02,3 repairs in last 5 years
BR-0562,Bridge 562,40,STEEL,Good,3300,2023-05-14,2 repairs in last 5 years
BR-0563,Bridge 563,24,wood,Fair,6700,2022-10-09,2 repairs in last 5 years
BR-0564,Bridge 564,34,Concrete,Good,4700,2023-08-23,2 repairs in last 5 years
BR-0565,Bridge 565,48,Concrete,Poor,5200,2023/02/20,4 repairs in last 5 years
BR-0566,Bridge 566,16,Concrete,Fair,6700,2022-11-19,1 repairs in last 5 years
BR-0567,Bridge 567,59,Concrete,Poor,14000,2023-09-08,2 repairs in last 5 years
BR-0568,Bridge 568,53,Steel,Good,11000,2023-02-25,3 repairs in last 5 years
BR-0569,Bridge 569,20,steel,Poor,23800,2023-06-24,2 repairs in last 5 years
BR-0570,Bridge 570,18,CONCRETE,Good,10600,2022-12-30,2 repairs in last 5 years
BR-0571,Bridge 571,31,Steel,Fair,6200,2023-07-05,3 repairs in last 5 years
BR-0572,Bridge 572,22,steel,Fair,13700,16-Feb-2023,1 repairs in last 5 years
BR-0573,Bridge 573,31,Steel,Excellent,14200,2023-02-18,2 repairs in last 5 years
BR-0574,Bridge 574,4,Wood,Good,4200,2023-02-26,0 repairs in last 5 years
BR-0575,Bridge 575,32,Concrete,Good,22300,2022-12-25,0 repairs in last 5 years
BR-0576,Bridge 576,56,Concrete,Poor,17500,2023-05-22,2 repairs in last 5 years
BR-0577,Bridge 577,21,Concrete,Good,15500,16-Mar-2023,4 repairs in last 5 years
BR-0578,Bridge 578,31,Steel,Fair,3300,2023-07-03,6 repairs in last 5 years
BR-0579,Bridge 579,17,WOOD,Good,18000,2023-05-15,1 repairs in last 5 years
BR-0580,Bridge 580,42,Concrete,Good,4100,2023-04-18,4 repairs in last 5 years
BR-0581,Bridge 581,32,Steel,Fair,6700,2023-08-27,4 repairs in last 5 years
BR-0582,Bridge 582,58,steel,Fair,9300,03-Feb-2023,4 repairs in last 5 years
BR-0583,Bridge 583,37,Steel,Poor,5500,09/10/2023,2 repairs in last 5 years
BR-0584,Bridge 584,30,wood,Poor,5900,01/29/2023,1 repairs in last 5 years
BR-0585,Bridge 585,41,Steel,Fair,7500,2023-07-27,6 repairs in last 5 years
BR-0586,Bridge 586,28,steel,Poor,11800,17-Dec-2022,0 repairs in last 5 years
BR-0587,Bridge 587,18,Concrete,Excellent,11800,2023-05-18,1 repairs in last 5 years
BR-0588,Bridge 588,38,Concrete,Fair,15300,2023-08-06,2 repairs in last 5 years
BR-0589,Bridge 589,32,Steel,Good,10100,2023-06-02,1 repairs in last 5 years
BR-0590,Bridge 590,36,Concrete,Critical,12300,2022-10-05,5 repairs in last 5 years
BR-0591,Bridge 591,39,Steel,Excellent,7200,2023-10-11,3 repairs in last 5 years
BR-0592,Bridge 592,28,steel,Poor,11000,2023-04-08,1 repairs in last 5 years
BR-0593,Bridge 593,40,Concrete,Fair,8400,2023/06/09,1 repairs in last 5 years
BR-0594,Bridge 594,55,STEEL,Poor,4600,2022-10-13,4 repairs in last 5 years
BR-0595,Bridge 595,21,Steel,Excellent,26300,2023-03-29,0 repairs in last 5 years
BR-0596,Bridge 596,55,Concrete,Good,2600,2022-07-22,5 repairs in last 5 years
BR-0597,Bridge 597,32,Steel,Fair,11800,2023-05-30,2 repairs in last 5 years
BR-0598,Bridge 598,25,Concrete,Good,22800,2023-05-02,0 repairs in last 5 years
BR-0599,Bridge 599,64,Concrete,Poor,8600,2023-06-19,2 repairs in last 5 years
BR-0600,Bridge 600,36,Concrete,Excellent,16600,2023-02-01,5 repairs in last 5 years
BR-0601,Bridge 601,51,Steel,Poor,3600,2023-07-19,3 repairs in last 5 years
BR-0602,Bridge 602,44,Concrete,Good,15200,2023-09-03,1 repairs in last 5 years
BR-0603,Bridge 603,14,Steel,Poor,6200,2023-06-10,0 repairs in last 5 years
BR-0604,Bridge 604,36,Concrete,Critical,8200,2022-12-18,2 repairs in last 5 years
BR-0605,Bridge 605,28,steel,Excellent,5500,2023-03-09,2 repairs in last 5 years
BR-0606,Bridge 606,18,Steel,Poor,8700,2023-09-19,1 repairs in last 5 years
BR-0607,Bridge 607,13,Concrete,Good,12700,2023-03-19,0 repairs in last 5 years
BR-0608,Bridge 608,36,Steel,Excellent,6600,2023-06-13,2 repairs in last 5 years
BR-0609,Bridge 609,42,WOOD,Fair,9600,2023-06-02,5 repairs in last 5 years
BR-0610,Bridge 610,39,Wood,Fair,27700,2023-04-21,2 repairs in last 5 years
BR-0611,Bridge 611,31,Concrete,Good,5700,2023-03-18,6 repairs in last 5 years
BR-0612,Bridge 612,25,Steel,Fair,9600,2024-01-03,0 repairs in last 5 years
BR-0613,Bridge 613,23,Steel,Excellent,9800,2023-06-17,1 repairs in last 5 years
BR-0614,Bridge 614,28,Steel,Poor,6600,2023-01-12,3 repairs in last 5 years
BR-0615,Bridge 615,22,STEEL,Fair,7500,2023-10-02,1 repairs in last 5 years
BR-0616,Bridge 616,32,Concrete,Poor,5700,2023-04-23,4 repairs in last 5 years
BR-0617,Bridge 617,34,Wood,Poor,12500,2023/07/06,1 repairs in last 5 years
BR-0618,Bridge 618,24,Steel,Critical,12100,2023-05-29,3 repairs in last 5 years
BR-0619,Bridge 619,32,wood,Fair,7600,2022-11-20,1 repairs in last 5 years
BR-0620,Bridge 620,25,WOOD,Good,5100,2023-06-02,3 repairs in last 5 years
BR-0621,Bridge 621,34,Concrete,Critical,3400,2023/05/15,3 repairs in last 5 years
BR-0622,Bridge 622,41,Concrete,Fair,3600,2023-04-07,1 repairs in last 5 years
BR-0623,Bridge 623,37,CONCRETE,Fair,2900,2023-05-04,3 repairs in last 5 years
BR-0624,Bridge 624,40,Steel,Critical,6300,2023-05-30,2 repairs in last 5 years
BR-0625,Bridge 625,15,Steel,Poor,20500,2023-02-01,0 repairs in last 5 years
BR-0626,Bridge 626,30,Steel,Critical,7100,2023-02-28,3 repairs in last 5 years
BR-0627,Bridge 627,38,steel,Fair,6700,2023-06-19,2 repairs in last 5 years
BR-0628,Bridge 628,42,steel,Fair,23100,2023-07-18,1 repairs in last 5 years
BR-0629,Bridge 629,15,Steel,Excellent,5400,2023-03-26,4 repairs in last 5 years
BR-0630,Bridge 630,36,Concrete,Poor,8200,2023-05-26,2 repairs in last 5 years
BR-0631,Bridge 631,49,WOOD,Critical,8100,2023-01-17,5 repairs in last 5 years
BR-0632,Bridge 632,32,CONCRETE,Poor,9300,2023-04-19,2 repairs in last 5 years
BR-0633,Bridge 633,33,Concrete,Critical,8300,2023-12-24,1 repairs in last 5 years
BR-0634,Bridge 634,40,Concrete,Poor,12900,2023-08-18,2 repairs in last 5 years
BR-0635,Bridge 635,37,Steel,Good,6700,2024-02-24,3 repairs in last 5 years
BR-0636,Bridge 636,43,wood,Poor,7900,2023-11-02,3 repairs in last 5 years
BR-0637,Bridge 637,35,STEEL,Critical,7000,11/14/2023,2 repairs in last 5 years
BR-0638,Bridge 638,36,steel,Fair,6100,2023-08-07,0 repairs in last 5 years
BR-0639,Bridge 639,25,STEEL,Excellent,7700,2023-11-23,0 repairs in last 5 years
BR-0640,Bridge 640,32,Steel,Good,16800,2023-05-06,3 repairs in last 5 years
BR-0641,Bridge 641,50,Steel,Poor,12500,2023-07-25,6 repairs in last 5 years
BR-0642,Bridge 642,32,steel,Fair,4700,2023-01-25,1 repairs in last 5 years
BR-0643,Bridge 643,32,Concrete,Fair,3000,2023-03-10,4 repairs in last 5 years
BR-0644,Bridge 644,29,Wood,Excellent,5400,2023-12-12,3 repairs in last 5 years
BR-0645,Bridge 645,44,CONCRETE,Poor,16500,2022-04-14,2 repairs in last 5 years
BR-0646,Bridge 646,24,Concrete,Good,2000,2023-01-05,3 repairs in last 5 years
BR-0647,Bridge 647,45,Steel,Critical,8300,2023-05-05,5 repairs in last 5 years
BR-0648,Bridge 648,23,Steel,Excellent,16900,2023/06/24,1 repairs in last 5 years
BR-0649,Bridge 649,22,Concrete,Fair,7700,2023-05-25,0 repairs in last 5 years
BR-0650,Bridge 650,37,CONCRETE,Excellent,8100,2022-11-30,3 repairs in last 5 years
BR-0651,Bridge 651,36,Concrete,Fair,9700,2023-05-30,2 repairs in last 5 years
BR-0652,Bridge 652,38,Steel,Fair,4800,2023-03-24,2 repairs in last 5 years
BR-0653,Bridge 653,47,Wood,Poor,10400,2023-06-26,4 repairs in last 5 years
BR-0654,Bridge 654,30,Concrete,Poor,1800,2022-11-15,3 repairs in last 5 years
BR-0655,Bridge 655,40,Concrete,Poor,12500,2023-05-04,1 repairs in last 5 years
BR-0656,Bridge 656,24,steel,Good,7800,2022-12-09,2 repairs in last 5 years
BR-0657,Bridge 657,50,WOOD,Poor,8800,2022-12-30,1 repairs in last 5 years
BR-0658,Bridge 658,42,Steel,Fair,9300,2023-08-25,5 repairs in last 5 years
BR-0659,Bridge 659,41,STEEL,Critical,8700,2023-10-26,1 repairs in last 5 years
BR-0660,Bridge 660,37,Concrete,Good,5900,2023-05-02,4 repairs in last 5 years
BR-0661,Bridge 661,25,Steel,Good,8600,2023-05-22,2 repairs in last 5 years
BR-0662,Bridge 662,31,CONCRETE,Fair,15800,2022-11-14,3 repairs in last 5 years
BR-0663,Bridge 663,41,Concrete,Fair,6300,2022-09-11,1 repairs in last 5 years
BR-0664,Bridge 664,34,steel,Good,12700,10/04/2023,3 repairs in last 5 years
BR-0665,Bridge 665,36,Concrete,Good,18900,2023-06-16,4 repairs in last 5 years
BR-0666,Bridge 666,18,Concrete,Excellent,3000,2023-03-12,3 repairs in last 5 years
BR-0667,Bridge 667,37,Steel,Critical,3300,2023-06-11,2 repairs in last 5 years
BR-0668,Bridge 668,26,Wood,Poor,6000,2023-01-01,3 repairs in last 5 years
BR-0669,Bridge 669,21,Wood,Fair,9100,2023-02-17,0 repairs in last 5 years
BR-0670,Bridge 670,33,Steel,Poor,7000,2023-04-01,2 repairs in last 5 years
BR-0671,Bridge 671,12,Concrete,Excellent,8100,2023-06-28,1 repairs in last 5 years
BR-0672,Bridge 672,43,Concrete,Good,7500,2023-07-15,3 repairs in last 5 years
BR-0673,Bridge 673,45,Steel,Critical,8100,2023-03-04,4 repairs in last 5 years
BR-0674,Bridge 674,34,Concrete,Poor,7900,2023-03-12,2 repairs in last 5 years
BR-0675,Bridge 675,23,Concrete,Good,15000,2023-09-29,0 repairs in last 5 years
BR-0676,Bridge 676,23,Concrete,Fair,11100,2023-03-29,0 repairs in last 5 years
BR-0677,Bridge 677,33,Concrete,Poor,7000,2023/02/23,0 repairs in last 5 years
BR-0678,Bridge 678,5,Concrete,Poor,8400,2023-04-16,0 repairs in last 5 years
BR-0679,Bridge 679,37,Steel,Critical,35500,2023-05-29,3 repairs in last 5 years
BR-0680,Bridge 680,42,Concrete,Critical,6000,04-Dec-2022,3 repairs in last 5 years
BR-0681,Bridge 681,31,Concrete,Excellent,22900,2023-04-24,2 repairs in last 5 years
BR-0682,Bridge 682,29,Steel,Good,10100,2023-06-11,1 repairs in last 5 years
BR-0683,Bridge 683,37,Wood,Good,3900,2023-05-15,2 repairs in last 5 years
BR-0684,Bridge 684,39,Concrete,Good,7200,2023-03-22,1 repairs in last 5 years
BR-0685,Bridge 685,48,Concrete,Good,22500,2023-08-29,0 repairs in last 5 years
BR-0686,Bridge 686,35,steel,Poor,8800,2023-12-09,1 repairs in last 5 years
BR-0687,Bridge 687,26,wood,Excellent,10700,2023-03-15,2 repairs in last 5 years
BR-0688,Bridge 688,29,Steel,Fair,6800,2023-07-15,0 repairs in last 5 years
BR-0689,Bridge 689,37,Concrete,Poor,9900,2022-12-25,3 repairs in last 5 years
BR-0690,Bridge 690,53,wood,Poor,15200,2023-01-01,3 repairs in last 5 years
BR-0691,Bridge 691,31,Steel,Poor,6600,2023-09-18,2 repairs in last 5 years
BR-0692,Bridge 692,22,Concrete,Poor,17300,2023-05-25,0 repairs in last 5 years
BR-0693,Bridge 693,24,steel,Excellent,5300,2023-07-29,2 repairs in last 5 years
BR-0694,Bridge 694,9,WOOD,Excellent,7800,2022-10-05,1 repairs in last 5 years
BR-0695,Bridge 695,38,Wood,Poor,8700,2023-05-13,2 repairs in last 5 years
BR-0696,Bridge 696,18,Wood,Excellent,5900,02/07/2024,1 repairs in last 5 years
BR-0697,Bridge 697,20,Steel,Good,18000,2022-12-27,1 repairs in last 5 years
BR-0698,Bridge 698,11,wood,Good,23600,2023-05-27,0 repairs in last 5 years
BR-0699,Bridge 699,21,Concrete,Excellent,12800,2023-08-27,3 repairs in last 5 years
BR-0700,Bridge 700,41,WOOD,Poor,10300,2023-04-25,3 repairs in last 5 years
BR-0701,Bridge 701,19,wood,Excellent,4900,2023-10-11,0 repairs in last 5 years
BR-0702,Bridge 702,14,Concrete,Fair,5500,2023-02-08,0 repairs in last 5 years
BR-0703,Bridge 703,37,Steel,Critical,16100,2023-01-17,3 repairs in last 5 years
BR-0704,Bridge 704,30,Steel,Poor,7500,2023-06-15,1 repairs in last 5 years
BR-0705,Bridge 705,40,Concrete,Good,5900,2022-06-26,3 repairs in last 5 years
BR-0706,Bridge 706,43,Concrete,Good,3700,2023-03-22,0 repairs in last 5 years
BR-0707,Bridge 707,34,Concrete,Fair,8700,2023-09-29,1 repairs in last 5 years
BR-0708,Bridge 708,19,Wood,Good,50000,2024-01-01,1 repairs in last 5 years
BR-0709,Bridge 709,33,Steel,Good,20200,2023-04-23,1 repairs in last 5 years
BR-0710,Bridge 710,41,wood,Critical,7400,2022-12-02,4 repairs in last 5 years
BR-0711,Bridge 711,28,Wood,Critical,18400,09/22/2023,4 repairs in last 5 years
BR-0712,Bridge 712,17,Concrete,Fair,10000,2022-11-17,1 repairs in last 5 years
BR-0713,Bridge 713,48,Wood,Poor,5800,2023-11-20,3 repairs in last 5 years
BR-0714,Bridge 714,30,Concrete,Good,6300,2022-11-14,0 repairs in last 5 years
BR-0715,Bridge 715,30,Wood,Fair,9700,2023-05-04,2 repairs in last 5 years
BR-0716,Bridge 716,35,Steel,Poor,10500,2023-03-11,2 repairs in last 5 years
BR-0717,Bridge 717,47,Steel,Critical,4400,2023-03-01,4 repairs in last 5 years
BR-0718,Bridge 718,38,Steel,Poor,4500,2022-08-31,3 repairs in last 5 years
BR-0719,Bridge 719,31,WOOD,Poor,8900,2022-12-05,0 repairs in last 5 years
BR-0720,Bridge 720,43,wood,Fair,7200,2023-09-20,4 repairs in last 5 years
BR-0721,Bridge 721,60,Concrete,Fair,4300,2022-12-27,4 repairs in last 5 years
BR-0722,Bridge 722,51,Steel,Fair,17200,2024-01-13,4 repairs in last 5 years
BR-0723,Bridge 723,43,STEEL,Critical,10700,2023-01-19,0 repairs in last 5 years
BR-0724,Bridge 724,21,steel,Excellent,7400,2023-10-10,1 repairs in last 5 years
BR-0725,Bridge 725,80,Steel,Poor,8800,2023-02-08,3 repairs in last 5 years
BR-0726,Bridge 726,20,steel,Good,10200,2023-10-15,0 repairs in last 5 years
BR-0727,Bridge 727,30,Steel,Good,8200,2023-10-26,4 repairs in last 5 years
BR-0728,Bridge 728,26,Concrete,Good,12700,2023-09-11,1 repairs in last 5 years
BR-0729,Bridge 729,54,steel,Fair,18900,2023-03-25,0 repairs in last 5 years
BR-0730,Bridge 730,40,Concrete,Fair,1900,2023-04-26,0 repairs in last 5 years
BR-0731,Bridge 731,17,Concrete,Excellent,8000,2023-04-16,0 repairs in last 5 years
BR-0732,Bridge 732,38,Concrete,Poor,5500,2023-07-04,4 repairs in last 5 years
BR-0733,Bridge 733,41,Concrete,Critical,4100,2023-05-22,3 repairs in last 5 years
BR-0734,Bridge 734,31,steel,Fair,5400,2023-03-18,0 repairs in last 5 years
BR-0735,Bridge 735,20,Steel,Poor,12500,2022-09-22,4 repairs in last 5 years
BR-0736,Bridge 736,26,wood,Fair,14600,2023-06-14,0 repairs in last 5 years
BR-0737,Bridge 737,29,Wood,Critical,3200,2023-07-25,3 repairs in last 5 years
BR-0738,Bridge 738,35,Steel,Good,10300,2023-11-14,3 repairs in last 5 years
BR-0739,Bridge 739,28,STEEL,Fair,17000,2023-05-11,3 repairs in last 5 years
BR-0740,Bridge 740,43,Concrete,Poor,6000,2023-08-03,0 repairs in last 5 years
BR-0741,Bridge 741,23,wood,Good,8800,2023-04-08,1 repairs in last 5 years
BR-0742,Bridge 742,14,Steel,Good,14600,2023-07-18,2 repairs in last 5 years
BR-0743,Bridge 743,26,Wood,Fair,8800,2022-10-09,1 repairs in last 5 years
BR-0744,Bridge 744,51,STEEL,Good,5700,2023-11-21,4 repairs in last 5 years
BR-0745,Bridge 745,28,steel,Critical,11800,2022-08-18,2 repairs in last 5 years
BR-0746,Bridge 746,63,Steel,Fair,3900,2023-07-29,7 repairs in last 5 years
BR-0747,Bridge 747,40,Concrete,Critical,5000,2022-08-05,2 repairs in last 5 years
BR-0748,Bridge 748,21,Concrete,Fair,4600,2023-10-29,1 repairs in last 5 years
BR-0749,Bridge 749,24,Concrete,Fair,4800,2023-03-04,1 repairs in last 5 years
BR-0750,Bridge 750,37,wood,Fair,9700,2023-01-16,1 repairs in last 5 years
BR-0751,Bridge 751,20,Concrete,Fair,8000,2023-01-25,1 repairs in last 5 years
BR-0752,Bridge 752,63,Concrete,Poor,11200,02-Mar-2023,0 repairs in last 5 years
BR-0753,Bridge 753,23,Concrete,Good,13400,2023-03-23,2 repairs in last 5 years
BR-0754,Bridge 754,43,Steel,Poor,5500,2024-01-30,0 repairs in last 5 years
BR-0755,Bridge 755,52,Concrete,Fair,8900,2023-04-20,2 repairs in last 5 years
BR-0756,Bridge 756,33,Wood,Fair,4600,2023-02-12,1 repairs in last 5 years
BR-0757,Bridge 757,23,Concrete,Excellent,5000,2023-05-23,2 repairs in last 5 years
BR-0758,Bridge 758,31,Concrete,Good,7000,2022-10-17,1 repairs in last 5 years
BR-0759,Bridge 759,39,Concrete,Fair,11800,2023-04-10,3 repairs in last 5 years
BR-0760,Bridge 760,45,steel,Fair,7300,2023-02-11,0 repairs in last 5 years
BR-0761,Bridge 761,35,Steel,Poor,17000,2023-04-04,4 repairs in last 5 years
BR-0762,Bridge 762,18,WOOD,Good,23300,2023/02/21,1 repairs in last 5 years
BR-0763,Bridge 763,35,Concrete,Fair,5000,2023-04-21,3 repairs in last 5 years
BR-0764,Bridge 764,26,Steel,Good,9100,2022-12-23,2 repairs in last 5 years
BR-0765,Bridge 765,8,Concrete,Fair,9900,2023-06-02,3 repairs in last 5 years
BR-0766,Bridge 766,26,CONCRETE,Good,15000,2023-06-12,2 repairs in last 5 years
BR-0767,Bridge 767,17,Steel,Good,10300,2023-01-03,2 repairs in last 5 years
BR-0768,Bridge 768,42,Concrete,Critical,6200,2023-05-22,5 repairs in last 5 years
BR-0769,Bridge 769,58,steel,Poor,20100,2023-09-23,4 repairs in last 5 years
BR-0770,Bridge 770,57,STEEL,Good,10100,02/16/2023,2 repairs in last 5 years
BR-0771,Bridge 771,28,Steel,Poor,5100,2023-08-21,0 repairs in last 5 years
BR-0772,Bridge 772,29,Steel,Fair,7700,2023-04-12,1 repairs in last 5 years
BR-0773,Bridge 773,43,Concrete,Critical,15400,2023-03-03,3 repairs in last 5 years
BR-0774,Bridge 774,47,Wood,Good,4400,28-Oct-2023,2 repairs in last 5 years
BR-0775,Bridge 775,29,STEEL,Fair,5200,2023-06-10,4 repairs in last 5 years
BR-0776,Bridge 776,33,STEEL,Fair,13000,2023-01-09,3 repairs in last 5 years
BR-0777,Bridge 777,61,Concrete,Critical,11100,2023-09-27,2 repairs in last 5 years
BR-0778,Bridge 778,33,CONCRETE,Fair,5100,2023-06-29,1 repairs in last 5 years
BR-0779,Bridge 779,29,WOOD,Fair,6200,2022/09/22,3 repairs in last 5 years
BR-0780,Bridge 780,36,Concrete,Fair,4100,2023-08-15,3 repairs in last 5 years
BR-0781,Bridge 781,41,Steel,Good,5300,2023-07-27,6 repairs in last 5 years
BR-0782,Bridge 782,22,Wood,Good,14500,2023-03-25,2 repairs in last 5 years
BR-0783,Bridge 783,32,Concrete,Good,7200,2024-03-21,0 repairs in last 5 years
BR-0784,Bridge 784,21,Concrete,Good,10100,2023-05-01,0 repairs in last 5 years
BR-0785,Bridge 785,31,Concrete,Good,5500,2023-12-23,4 repairs in last 5 years
BR-0786,Bridge 786,57,Steel,Fair,8500,2023-01-12,3 repairs in last 5 years
BR-0787,Bridge 787,43,WOOD,Poor,5100,2022-12-24,3 repairs in last 5 years
BR-0788,Bridge 788,33,Concrete,Excellent,4500,2023-07-06,3 repairs in last 5 years
BR-0789,Bridge 789,23,CONCRETE,Poor,2800,2023-05-14,1 repairs in last 5 years
BR-0790,Bridge 790,31,Concrete,Fair,14300,2023-09-19,3 repairs in last 5 years
BR-0791,Bridge 791,47,STEEL,Critical,5600,2022-12-02,0 repairs in last 5 years
BR-0792,Bridge 792,28,Wood,Good,9400,2023-07-21,0 repairs in last 5 years
BR-0793,Bridge 793,52,Steel,Good,27000,2023-02-20,5 repairs in last 5 years
BR-0794,Bridge 794,18,Steel,Good,5700,2023-04-07,0 repairs in last 5 years
BR-0795,Bridge 795,31,Wood,Poor,5300,2023-06-30,1 repairs in last 5 years
BR-0796,Bridge 796,55,CONCRETE,Critical,3500,2023-04-20,3 repairs in last 5 years
BR-0797,Bridge 797,10,Concrete,Excellent,11700,2024-04-01,0 repairs in last 5 years
BR-0798,Bridge 798,49,Concrete,Good,9300,2022-12-24,1 repairs in last 5 years
BR-0799,Bridge 799,12,Concrete,Excellent,9900,2022/12/08,0 repairs in last 5 years
BR-0800,Bridge 800,33,wood,Fair,5700,2022/12/29,2 repairs in last 5 years
BR-0801,Bridge 801,32,Wood,Poor,14200,2023-04-02,1 repairs in last 5 years
BR-0802,Bridge 802,44,Steel,Poor,6700,2023-02-25,2 repairs in last 5 years
BR-0803,Bridge 803,1,Steel,Fair,5900,2022-12-30,0 repairs in last 5 years
BR-0804,Bridge 804,11,Steel,Excellent,19500,2023-08-11,0 repairs in last 5 years
BR-0805,Bridge 805,28,CONCRETE,Poor,3300,2023-10-03,3 repairs in last 5 years
BR-0806,Bridge 806,35,Wood,Excellent,6100,28-May-2023,6 repairs in last 5 years
BR-0807,Bridge 807,24,Concrete,Excellent,3600,2023-08-22,1 repairs in last 5 years
BR-0808,Bridge 808,32,Steel,Poor,6500,2023-12-13,4 repairs in last 5 years
BR-0809,Bridge 809,20,Steel,Fair,7100,2024-01-06,0 repairs in last 5 years
BR-0810,Bridge 810,30,Steel,Fair,12000,2023-10-08,1 repairs in last 5 years
BR-0811,Bridge 811,24,steel,Fair,6800,2022-10-17,3 repairs in last 5 years
BR-0812,Bridge 812,37,wood,Poor,7200,2023-01-12,0 repairs in last 5 years
BR-0813,Bridge 813,41,Wood,Poor,22100,2022-11-29,4 repairs in last 5 years
BR-0814,Bridge 814,52,Concrete,Fair,3400,2023-06-16,3 repairs in last 5 years
BR-0815,Bridge 815,27,Concrete,Fair,13900,2023-01-21,3 repairs in last 5 years
BR-0816,Bridge 816,31,Concrete,Good,12600,2023-06-04,3 repairs in last 5 years
BR-0817,Bridge 817,35,Concrete,Critical,4400,2022-12-03,1 repairs in last 5 years
BR-0818,Bridge 818,31,Steel,Critical,9500,2023/06/13,3 repairs in last 5 years
BR-0819,Bridge 819,34,CONCRETE,Fair,9400,20-May-2023,2 repairs in last 5 years
BR-0820,Bridge 820,16,Steel,Good,8400,2023/03/27,0 repairs in last 5 years
BR-0821,Bridge 821,39,Wood,Critical,4600,2022-12-18,0 repairs in last 5 years
BR-0822,Bridge 822,24,Concrete,Poor,18200,07/27/2022,3 repairs in last 5 years
BR-0823,Bridge 823,23,Concrete,Excellent,5800,2023-01-14,5 repairs in last 5 years
BR-0824,Bridge 824,15,Concrete,Excellent,8000,2022-11-05,2 repairs in last 5 years
BR-0825,Bridge 825,48,Concrete,Critical,3000,2023-06-06,4 repairs in last 5 years
BR-0826,Bridge 826,33,wood,Good,12600,2023-06-22,1 repairs in last 5 years
BR-0827,Bridge 827,48,Steel,Critical,3500,2023-03-28,5 repairs in last 5 years
BR-0828,Bridge 828,38,Concrete,Poor,2600,2023-08-07,2 repairs in last 5 years
BR-0829,Bridge 829,14,Steel,Excellent,6400,2023-02-21,0 repairs in last 5 years
BR-0830,Bridge 830,21,Concrete,Fair,3300,2023-09-05,2 repairs in last 5 years
BR-0831,Bridge 831,44,Concrete,Critical,14500,2023-10-02,1 repairs in last 5 years
BR-0832,Bridge 832,25,Concrete,Good,20700,2023-04-10,1 repairs in last 5 years
BR-0833,Bridge 833,21,Concrete,Poor,10600,2023-03-02,4 repairs in last 5 years
BR-0834,Bridge 834,32,Wood,Good,4900,2023-10-03,0 repairs in last 5 years
BR-0835,Bridge 835,32,STEEL,Poor,8300,2023-01-16,6 repairs in last 5 years
BR-0836,Bridge 836,22,steel,Fair,9600,2023-04-05,3 repairs in last 5 years
BR-0837,Bridge 837,31,Steel,Poor,5800,2023-05-30,0 repairs in last 5 years
BR-0838,Bridge 838,29,Steel,Good,9900,2023-07-06,1 repairs in last 5 years
BR-0839,Bridge 839,3,WOOD,Good,5000,2023-08-09,0 repairs in last 5 years
BR-0840,Bridge 840,41,Steel,Critical,14100,2023-05-18,4 repairs in last 5 years
BR-0841,Bridge 841,25,Concrete,Good,9400,2023/07/09,1 repairs in last 5 years
BR-0842,Bridge 842,50,Concrete,Poor,2600,2023-04-23,3 repairs in last 5 years
BR-0843,Bridge 843,21,Concrete,Good,9200,2023-08-10,1 repairs in last 5 years
BR-0844,Bridge 844,16,Concrete,Fair,13300,2023-05-17,1 repairs in last 5 years
BR-0845,Bridge 845,49,Steel,Fair,11400,2023-09-22,2 repairs in last 5 years
BR-0846,Bridge 846,15,steel,Good,27400,2023-05-15,0 repairs in last 5 years
BR-0847,Bridge 847,27,wood,Fair,14100,2023-06-12,1 repairs in last 5 years
BR-0848,Bridge 848,42,steel,Poor,2900,2023-12-04,3 repairs in last 5 years
BR-0849,Bridge 849,31,WOOD,Fair,6800,2023-04-30,1 repairs in last 5 years
BR-0850,Bridge 850,15,Concrete,Good,17900,2023-05-24,1 repairs in last 5 years
BR-0851,Bridge 851,37,steel,Fair,7300,11-Mar-2023,6 repairs in last 5 years
BR-0852,Bridge 852,32,CONCRETE,Good,10400,2023-12-13,1 repairs in last 5 years
BR-0853,Bridge 853,50,STEEL,Fair,4900,2023-06-19,5 repairs in last 5 years
BR-0854,Bridge 854,42,Wood,Poor,11200,2022-12-01,3 repairs in last 5 years
BR-0855,Bridge 855,71,Concrete,Critical,8600,2023-07-09,9 repairs in last 5 years
BR-0856,Bridge 856,15,steel,Good,4800,2023-07-08,0 repairs in last 5 years
BR-0857,Bridge 857,34,Steel,Fair,5500,2023-04-03,2 repairs in last 5 years
BR-0858,Bridge 858,22,Steel,Excellent,6900,2023-02-21,1 repairs in last 5 years
BR-0859,Bridge 859,48,Steel,Critical,11700,2023-03-24,3 repairs in last 5 years
BR-0860,Bridge 860,44,Concrete,Poor,15700,2023-06-13,3 repairs in last 5 years
BR-0861,Bridge 861,44,Steel,Poor,8600,2022-11-09,2 repairs in last 5 years
BR-0862,Bridge 862,25,WOOD,Fair,8500,2023-04-18,0 repairs in last 5 years
BR-0863,Bridge 863,26,Concrete,Poor,9200,2023-08-19,4 repairs in last 5 years
BR-0864,Bridge 864,10,Steel,Good,4800,2023-10-15,0 repairs in last 5 years
BR-0865,Bridge 865,55,Wood,Critical,3400,2023-02-27,5 repairs in last 5 years
BR-0866,Bridge 866,41,Concrete,Fair,4400,2023-10-03,2 repairs in last 5 years
BR-0867,Bridge 867,31,Wood,Good,3000,08/09/2023,0 repairs in last 5 years
BR-0868,Bridge 868,46,Concrete,Fair,22200,2023-11-12,5 repairs in last 5 years
BR-0869,Bridge 869,44,WOOD,Fair,8800,2023-02-17,2 repairs in last 5 years
BR-0870,Bridge 870,46,Steel,Good,5400,19-Oct-2023,3 repairs in last 5 years
BR-0871,Bridge 871,15,Concrete,Good,9100,2023-08-14,1 repairs in last 5 years
BR-0872,Bridge 872,26,Concrete,Poor,14100,2023-09-19,0 repairs in last 5 years
BR-0873,Bridge 873,37,STEEL,Good,7400,2023-04-13,2 repairs in last 5 years
BR-0874,Bridge 874,39,STEEL,Poor,2900,2023-07-17,2 repairs in last 5 years
BR-0875,Bridge 875,46,Steel,Good,17500,2023-05-27,2 repairs in last 5 years
BR-0876,Bridge 876,22,WOOD,Excellent,5100,2023-04-28,1 repairs in last 5 years
BR-0877,Bridge 877,36,WOOD,Good,12700,2023-08-01,2 repairs in last 5 years
BR-0878,Bridge 878,61,Wood,Poor,13200,2024-02-22,3 repairs in last 5 years
BR-0879,Bridge 879,43,Wood,Critical,4100,2023-07-11,4 repairs in last 5 years
BR-0880,Bridge 880,45,Steel,Poor,4000,2023-06-13,1 repairs in last 5 years
BR-0881,Bridge 881,34,Concrete,Fair,2100,2023-04-18,4 repairs in last 5 years
BR-0882,Bridge 882,44,Concrete,Poor,7300,2023-04-28,0 repairs in last 5 years
BR-0883,Bridge 883,56,Steel,Fair,10100,2022-09-13,6 repairs in last 5 years
BR-0884,Bridge 884,36,Steel,Fair,7100,2023-06-01,3 repairs in last 5 years
BR-0885,Bridge 885,49,steel,Good,13000,2023-08-04,3 repairs in last 5 years
BR-0886,Bridge 886,24,Steel,Excellent,4600,2023-06-05,1 repairs in last 5 years
BR-0887,Bridge 887,42,steel,Fair,6600,2023-09-18,2 repairs in last 5 years
BR-0888,Bridge 888,45,Concrete,Fair,6400,2023-07-31,2 repairs in last 5 years
BR-0889,Bridge 889,25,Steel,Good,17100,2023-11-08,2 repairs in last 5 years
BR-0890,Bridge 890,48,Concrete,Poor,4600,2023-04-18,3 repairs in last 5 years
BR-0891,Bridge 891,26,Concrete,Poor,6200,2023-05-20,1 repairs in last 5 years
BR-0892,Bridge 892,25,Concrete,Good,10400,2023-03-24,5 repairs in last 5 years
BR-0893,Bridge 893,34,Concrete,Fair,2300,2023-09-18,0 repairs in last 5 years
BR-0894,Bridge 894,58,Concrete,Poor,14500,2023-04-09,6 repairs in last 5 years
BR-0895,Bridge 895,38,Concrete,Poor,19100,2023-05-10,7 repairs in last 5 years
BR-0896,Bridge 896,46,Steel,Critical,5500,2023-05-26,1 repairs in last 5 years
BR-0897,Bridge 897,26,CONCRETE,Fair,6000,2023-06-20,4 repairs in last 5 years
BR-0898,Bridge 898,35,Steel,Fair,10600,2023-02-19,1 repairs in last 5 years
BR-0899,Bridge 899,20,Steel,Excellent,9100,2023-07-28,2 repairs in last 5 years
BR-0900,Bridge 900,28,STEEL,Poor,3800,2022-12-15,4 repairs in last 5 years
BR-0901,Bridge 901,45,Concrete,Critical,4500,2023-02-24,4 repairs in last 5 years
BR-0902,Bridge 902,34,WOOD,Fair,9000,2023-02-18,3 repairs in last 5 years
BR-0903,Bridge 903,52,Wood,Critical,11500,2023-02-02,3 repairs in last 5 years
BR-0904,Bridge 904,32,Concrete,Poor,2300,2023-10-05,3 repairs in last 5 years
BR-0905,Bridge 905,32,Concrete,Fair,19300,2023-02-20,2 repairs in last 5 years
BR-0906,Bridge 906,50,Concrete,Critical,11600,2023-12-09,3 repairs in last 5 years
BR-0907,Bridge 907,27,wood,Fair,23800,05/03/2023,0 repairs in last 5 years
BR-0908,Bridge 908,16,Concrete,Good,18900,2023-10-27,1 repairs in last 5 years
BR-0909,Bridge 909,50,Concrete,Good,9300,2023-12-01,3 repairs in last 5 years
BR-0910,Bridge 910,39,Steel,Poor,14100,2023-04-22,1 repairs in last 5 years
BR-0911,Bridge 911,9,Steel,Fair,12400,2023-04-18,0 repairs in last 5 years
BR-0912,Bridge 912,35,Concrete,Fair,14100,2022-12-01,5 repairs in last 5 years
BR-0913,Bridge 913,30,Wood,Good,3600,2023-05-15,1 repairs in last 5 years
BR-0914,Bridge 914,55,Steel,Good,9000,2022-11-04,5 repairs in last 5 years
BR-0915,Bridge 915,26,Concrete,Fair,12800,2023-12-06,0 repairs in last 5 years
BR-0916,Bridge 916,28,Concrete,Fair,6500,05/07/2023,2 repairs in last 5 years
BR-0917,Bridge 917,24,Wood,Good,8500,2023-03-01,0 repairs in last 5 years
BR-0918,Bridge 918,22,Concrete,Excellent,8100,2023-03-05,2 repairs in last 5 years
BR-0919,Bridge 919,26,Concrete,Poor,6600,2023-05-25,4 repairs in last 5 years
BR-0920,Bridge 920,17,Steel,Poor,9800,2023-04-03,0 repairs in last 5 years
BR-0921,Bridge 921,22,wood,Fair,5400,2023-01-16,1 repairs in last 5 years
BR-0922,Bridge 922,15,Concrete,Fair,7100,2022-12-04,1 repairs in last 5 years
BR-0923,Bridge 923,17,Wood,Poor,2900,2023-07-16,1 repairs in last 5 years
BR-0924,Bridge 924,16,CONCRETE,Excellent,3700,2024-01-22,0 repairs in last 5 years
BR-0925,Bridge 925,28,Steel,Fair,3400,2023-04-01,0 repairs in last 5 years
BR-0926,Bridge 926,26,wood,Excellent,11200,2023-06-20,0 repairs in last 5 years
BR-0927,Bridge 927,20,Steel,Poor,3400,2023-03-09,2 repairs in last 5 years
BR-0928,Bridge 928,40,Concrete,Critical,7800,2023-04-18,2 repairs in last 5 years
BR-0929,Bridge 929,34,Concrete,Excellent,3500,2023-03-04,3 repairs in last 5 years
BR-0930,Bridge 930,29,Steel,Critical,11100,2023-06-09,5 repairs in last 5 years
BR-0931,Bridge 931,29,Steel,Poor,7100,2023/11/13,0 repairs in last 5 years
BR-0932,Bridge 932,54,Concrete,Poor,5100,2023-05-10,6 repairs in last 5 years
BR-0933,Bridge 933,37,Steel,Excellent,4000,2022-12-02,4 repairs in last 5 years
BR-0934,Bridge 934,40,STEEL,Critical,20000,2022-11-06,1 repairs in last 5 years
BR-0935,Bridge 935,3,Steel,Excellent,12200,2023-04-22,0 repairs in last 5 years
BR-0936,Bridge 936,27,Steel,Good,4700,2023-07-31,2 repairs in last 5 years
BR-0937,Bridge 937,8,Concrete,Excellent,12100,2023-06-22,0 repairs in last 5 years
BR-0938,Bridge 938,29,WOOD,Poor,10100,2023-05-04,2 repairs in last 5 years
BR-0939,Bridge 939,39,steel,Poor,7600,2023-08-24,5 repairs in last 5 years
BR-0940,Bridge 940,26,Concrete,Good,4200,2022-12-17,2 repairs in last 5 years
BR-0941,Bridge 941,41,Concrete,Good,4200,2023-07-18,4 repairs in last 5 years
BR-0942,Bridge 942,22,STEEL,Fair,5000,2023-03-23,2 repairs in last 5 years
BR-0943,Bridge 943,41,Steel,Good,10600,2023-08-22,5 repairs in last 5 years
BR-0944,Bridge 944,16,steel,Excellent,10400,2023-02-20,2 repairs in last 5 years
BR-0945,Bridge 945,31,steel,Good,2800,2023-05-22,0 repairs in last 5 years
BR-0946,Bridge 946,40,Wood,Poor,9200,2023-04-10,3 repairs in last 5 years
BR-0947,Bridge 947,41,Concrete,Fair,6900,2023-06-17,4 repairs in last 5 years
BR-0948,Bridge 948,33,STEEL,Fair,23500,2023-05-07,3 repairs in last 5 years
BR-0949,Bridge 949,58,Steel,Good,23800,2023-04-15,3 repairs in last 5 years
BR-0950,Bridge 950,30,Wood,Fair,5100,09/06/2023,1 repairs in last 5 years
BR-0951,Bridge 951,29,STEEL,Fair,1900,2023-03-30,3 repairs in last 5 years
BR-0952,Bridge 952,1,CONCRETE,Fair,8400,2023-05-26,0 repairs in last 5 years
BR-0953,Bridge 953,56,Concrete,Critical,8100,2023-07-19,0 repairs in last 5 years
BR-0954,Bridge 954,30,Steel,Fair,4600,2023-09-02,1 repairs in last 5 years
BR-0955,Bridge 955,20,Concrete,Poor,6100,2023-07-06,1 repairs in last 5 years
BR-0956,Bridge 956,50,Wood,Poor,4700,2023-09-18,1 repairs in last 5 years
BR-0957,Bridge 957,49,Steel,Poor,5300,2023-04-20,5 repairs in last 5 years
BR-0958,Bridge 958,36,CONCRETE,Fair,8100,2023-05-11,2 repairs in last 5 years
BR-0959,Bridge 959,17,Concrete,Excellent,23500,2022-11-20,1 repairs in last 5 years
BR-0960,Bridge 960,40,Steel,Excellent,6200,2023-07-31,2 repairs in last 5 years
BR-0961,Bridge 961,27,Steel,Fair,26600,2023-11-22,1 repairs in last 5 years
BR-0962,Bridge 962,20,Wood,Good,4000,2023-06-30,0 repairs in last 5 years
BR-0963,Bridge 963,47,CONCRETE,Fair,9500,2022-11-24,2 repairs in last 5 years
BR-0964,Bridge 964,9,WOOD,Excellent,5900,2023-09-15,0 repairs in last 5 years
BR-0965,Bridge 965,41,CONCRETE,Good,5500,2023-05-13,3 repairs in last 5 years
BR-0966,Bridge 966,40,Concrete,Poor,5700,2023-04-01,3 repairs in last 5 years
BR-0967,Bridge 967,59,Concrete,Poor,10000,2023-05-06,2 repairs in last 5 years
BR-0968,Bridge 968,38,Steel,Fair,13900,2023-07-04,3 repairs in last 5 years
BR-0969,Bridge 969,10,Steel,Good,12600,2022-12-27,0 repairs in last 5 years
BR-0970,Bridge 970,24,Steel,Good,5300,2023-02-08,0 repairs in last 5 years
BR-0971,Bridge 971,35,Steel,Excellent,1700,2023-04-17,3 repairs in last 5 years
BR-0972,Bridge 972,39,Wood,Fair,21900,2023-04-08,4 repairs in last 5 years
BR-0973,Bridge 973,46,wood,Critical,15700,2023-04-21,2 repairs in last 5 years
BR-0974,Bridge 974,11,Concrete,Fair,6800,2022-10-08,3 repairs in last 5 years
BR-0975,Bridge 975,31,steel,Poor,14900,2023-03-31,4 repairs in last 5 years
BR-0976,Bridge 976,46,Wood,Fair,11100,2023-04-06,3 repairs in last 5 years
BR-0977,Bridge 977,53,Steel,Critical,2000,2023-05-25,6 repairs in last 5 years
BR-0978,Bridge 978,57,WOOD,Critical,9400,2023/04/03,2 repairs in last 5 years
BR-0979,Bridge 979,30,Concrete,Critical,8800,2023-05-14,2 repairs in last 5 years
BR-0980,Bridge 980,48,Concrete,Fair,3300,2023-05-08,1 repairs in last 5 years
BR-0981,Bridge 981,55,Concrete,Good,5000,2023-05-07,1 repairs in last 5 years
BR-0982,Bridge 982,49,Wood,Critical,7700,2023-10-08,1 repairs in last 5 years
BR-0983,Bridge 983,43,Steel,Good,11700,2023-08-28,1 repairs in last 5 years
BR-0984,Bridge 984,44,Concrete,Poor,3300,2023-11-18,0 repairs in last 5 years
BR-0985,Bridge 985,25,Wood,Excellent,8000,2023-08-20,1 repairs in last 5 years
BR-0986,Bridge 986,17,Concrete,Excellent,5400,10-Nov-2023,1 repairs in last 5 years
BR-0987,Bridge 987,46,STEEL,Fair,10700,2023-07-31,4 repairs in last 5 years
BR-0988,Bridge 988,30,Wood,Fair,16900,2023-05-14,0 repairs in last 5 years
BR-0989,Bridge 989,34,STEEL,Fair,5800,13-Mar-2023,1 repairs in last 5 years
BR-0990,Bridge 990,28,Concrete,Good,5200,2023-08-12,4 repairs in last 5 years
BR-0991,Bridge 991,30,steel,Poor,6700,2023-03-26,2 repairs in last 5 years
BR-0992,Bridge 992,37,Wood,Fair,12600,2023-04-11,4 repairs in last 5 years
BR-0993,Bridge 993,22,Concrete,Good,9900,2023-08-19,0 repairs in last 5 years
BR-0994,Bridge 994,35,STEEL,Poor,8400,2023-03-25,1 repairs in last 5 years
BR-0995,Bridge 995,37,Concrete,Fair,5400,2023-08-30,4 repairs in last 5 years
BR-0996,Bridge 996,34,Steel,Excellent,9100,2023-05-17,2 repairs in last 5 years
BR-0997,Bridge 997,26,Wood,Good,9300,2023-08-25,2 repairs in last 5 years
BR-0998,Bridge 998,44,Steel,Critical,5600,2023-03-04,6 repairs in last 5 years
BR-0999,Bridge 999,57,Steel,Fair,2500,09/24/2022,2 repairs in last 5 years
BR-1000,Bridge 1000,27,Concrete,Fair,7500,2023-06-09,2 repairs in last 5 years
